id,company_id,month_date,department,headcount,pct_of_total
1,1,1/1/2023,Clinical / Caregivers,84,57.1
2,1,1/1/2023,Operations,23,15.6
3,1,1/1/2023,Admin & Billing,17,11.6
4,1,1/1/2023,Sales & Marketing,13,8.8
5,1,1/1/2023,Finance & HR,7,4.8
6,1,2/1/2023,Clinical / Caregivers,91,59.9
7,1,2/1/2023,Operations,22,14.5
8,1,2/1/2023,Admin & Billing,18,11.8
9,1,2/1/2023,Sales & Marketing,13,8.6
10,1,2/1/2023,Finance & HR,8,5.3
11,1,3/1/2023,Clinical / Caregivers,82,54.3
12,1,3/1/2023,Operations,22,14.6
13,1,3/1/2023,Admin & Billing,18,11.9
14,1,3/1/2023,Sales & Marketing,12,7.9
15,1,3/1/2023,Finance & HR,8,5.3
16,1,4/1/2023,Clinical / Caregivers,88,57.1
17,1,4/1/2023,Operations,21,13.6
18,1,4/1/2023,Admin & Billing,19,12.3
19,1,4/1/2023,Sales & Marketing,13,8.4
20,1,4/1/2023,Finance & HR,7,4.5
21,1,5/1/2023,Clinical / Caregivers,95,62.1
22,1,5/1/2023,Operations,24,15.7
23,1,5/1/2023,Admin & Billing,18,11.8
24,1,5/1/2023,Sales & Marketing,12,7.8
25,1,5/1/2023,Finance & HR,7,4.6
26,1,6/1/2023,Clinical / Caregivers,92,59.7
27,1,6/1/2023,Operations,23,14.9
28,1,6/1/2023,Admin & Billing,17,11
29,1,6/1/2023,Sales & Marketing,12,7.8
30,1,6/1/2023,Finance & HR,8,5.2
31,1,7/1/2023,Clinical / Caregivers,93,60.8
32,1,7/1/2023,Operations,24,15.7
33,1,7/1/2023,Admin & Billing,18,11.8
34,1,7/1/2023,Sales & Marketing,12,7.8
35,1,7/1/2023,Finance & HR,7,4.6
36,1,8/1/2023,Clinical / Caregivers,89,58.2
37,1,8/1/2023,Operations,21,13.7
38,1,8/1/2023,Admin & Billing,20,13.1
39,1,8/1/2023,Sales & Marketing,11,7.2
40,1,8/1/2023,Finance & HR,8,5.2
41,1,9/1/2023,Clinical / Caregivers,95,61.3
42,1,9/1/2023,Operations,24,15.5
43,1,9/1/2023,Admin & Billing,18,11.6
44,1,9/1/2023,Sales & Marketing,12,7.7
45,1,9/1/2023,Finance & HR,8,5.2
46,1,10/1/2023,Clinical / Caregivers,95,60.5
47,1,10/1/2023,Operations,23,14.6
48,1,10/1/2023,Admin & Billing,19,12.1
49,1,10/1/2023,Sales & Marketing,13,8.3
50,1,10/1/2023,Finance & HR,7,4.5
51,1,11/1/2023,Clinical / Caregivers,103,64.4
52,1,11/1/2023,Operations,25,15.6
53,1,11/1/2023,Admin & Billing,18,11.2
54,1,11/1/2023,Sales & Marketing,13,8.1
55,1,11/1/2023,Finance & HR,8,5
56,1,12/1/2023,Clinical / Caregivers,106,64.2
57,1,12/1/2023,Operations,25,15.2
58,1,12/1/2023,Admin & Billing,20,12.1
59,1,12/1/2023,Sales & Marketing,13,7.9
60,1,12/1/2023,Finance & HR,8,4.8
61,1,1/1/2024,Clinical / Caregivers,100,60.2
62,1,1/1/2024,Operations,26,15.7
63,1,1/1/2024,Admin & Billing,21,12.7
64,1,1/1/2024,Sales & Marketing,12,7.2
65,1,1/1/2024,Finance & HR,9,5.4
66,1,2/1/2024,Clinical / Caregivers,95,56.5
67,1,2/1/2024,Operations,26,15.5
68,1,2/1/2024,Admin & Billing,19,11.3
69,1,2/1/2024,Sales & Marketing,13,7.7
70,1,2/1/2024,Finance & HR,9,5.4
71,1,3/1/2024,Clinical / Caregivers,100,58.8
72,1,3/1/2024,Operations,26,15.3
73,1,3/1/2024,Admin & Billing,21,12.4
74,1,3/1/2024,Sales & Marketing,13,7.6
75,1,3/1/2024,Finance & HR,8,4.7
76,1,4/1/2024,Clinical / Caregivers,106,60.2
77,1,4/1/2024,Operations,27,15.3
78,1,4/1/2024,Admin & Billing,21,11.9
79,1,4/1/2024,Sales & Marketing,14,8
80,1,4/1/2024,Finance & HR,9,5.1
81,1,5/1/2024,Clinical / Caregivers,109,60.9
82,1,5/1/2024,Operations,25,14
83,1,5/1/2024,Admin & Billing,22,12.3
84,1,5/1/2024,Sales & Marketing,15,8.4
85,1,5/1/2024,Finance & HR,9,5
86,1,6/1/2024,Clinical / Caregivers,108,59.3
87,1,6/1/2024,Operations,26,14.3
88,1,6/1/2024,Admin & Billing,21,11.5
89,1,6/1/2024,Sales & Marketing,14,7.7
90,1,6/1/2024,Finance & HR,9,4.9
91,1,7/1/2024,Clinical / Caregivers,112,60.5
92,1,7/1/2024,Operations,29,15.7
93,1,7/1/2024,Admin & Billing,21,11.4
94,1,7/1/2024,Sales & Marketing,14,7.6
95,1,7/1/2024,Finance & HR,9,4.9
96,1,8/1/2024,Clinical / Caregivers,108,56.8
97,1,8/1/2024,Operations,29,15.3
98,1,8/1/2024,Admin & Billing,23,12.1
99,1,8/1/2024,Sales & Marketing,14,7.4
100,1,8/1/2024,Finance & HR,10,5.3
101,1,9/1/2024,Clinical / Caregivers,120,62.8
102,1,9/1/2024,Operations,29,15.2
103,1,9/1/2024,Admin & Billing,20,10.5
104,1,9/1/2024,Sales & Marketing,15,7.9
105,1,9/1/2024,Finance & HR,10,5.2
106,1,10/1/2024,Clinical / Caregivers,119,61.3
107,1,10/1/2024,Operations,28,14.4
108,1,10/1/2024,Admin & Billing,23,11.9
109,1,10/1/2024,Sales & Marketing,16,8.2
110,1,10/1/2024,Finance & HR,11,5.7
111,1,11/1/2024,Clinical / Caregivers,120,60.6
112,1,11/1/2024,Operations,29,14.6
113,1,11/1/2024,Admin & Billing,23,11.6
114,1,11/1/2024,Sales & Marketing,16,8.1
115,1,11/1/2024,Finance & HR,10,5.1
116,1,12/1/2024,Clinical / Caregivers,117,58.5
117,1,12/1/2024,Operations,31,15.5
118,1,12/1/2024,Admin & Billing,24,12
119,1,12/1/2024,Sales & Marketing,17,8.5
120,1,12/1/2024,Finance & HR,10,5
121,2,1/1/2023,Warehouse & Drivers,119,56.7
122,2,1/1/2023,Operations,36,17.1
123,2,1/1/2023,Technology,21,10
124,2,1/1/2023,Sales,18,8.6
125,2,1/1/2023,Finance & Admin,17,8.1
126,2,2/1/2023,Warehouse & Drivers,117,55.7
127,2,2/1/2023,Operations,38,18.1
128,2,2/1/2023,Technology,22,10.5
129,2,2/1/2023,Sales,19,9
130,2,2/1/2023,Finance & Admin,17,8.1
131,2,3/1/2023,Warehouse & Drivers,112,54.1
132,2,3/1/2023,Operations,37,17.9
133,2,3/1/2023,Technology,22,10.6
134,2,3/1/2023,Sales,18,8.7
135,2,3/1/2023,Finance & Admin,15,7.2
136,2,4/1/2023,Warehouse & Drivers,108,52.2
137,2,4/1/2023,Operations,39,18.8
138,2,4/1/2023,Technology,22,10.6
139,2,4/1/2023,Sales,19,9.2
140,2,4/1/2023,Finance & Admin,18,8.7
141,2,5/1/2023,Warehouse & Drivers,116,55.2
142,2,5/1/2023,Operations,37,17.6
143,2,5/1/2023,Technology,21,10
144,2,5/1/2023,Sales,19,9
145,2,5/1/2023,Finance & Admin,18,8.6
146,2,6/1/2023,Warehouse & Drivers,122,58.4
147,2,6/1/2023,Operations,37,17.7
148,2,6/1/2023,Technology,21,10
149,2,6/1/2023,Sales,19,9.1
150,2,6/1/2023,Finance & Admin,17,8.1
151,2,7/1/2023,Warehouse & Drivers,116,55
152,2,7/1/2023,Operations,37,17.5
153,2,7/1/2023,Technology,21,10
154,2,7/1/2023,Sales,20,9.5
155,2,7/1/2023,Finance & Admin,16,7.6
156,2,8/1/2023,Warehouse & Drivers,115,55.6
157,2,8/1/2023,Operations,36,17.4
158,2,8/1/2023,Technology,19,9.2
159,2,8/1/2023,Sales,18,8.7
160,2,8/1/2023,Finance & Admin,18,8.7
161,2,9/1/2023,Warehouse & Drivers,114,54.3
162,2,9/1/2023,Operations,38,18.1
163,2,9/1/2023,Technology,21,10
164,2,9/1/2023,Sales,19,9
165,2,9/1/2023,Finance & Admin,16,7.6
166,2,10/1/2023,Warehouse & Drivers,119,56.4
167,2,10/1/2023,Operations,39,18.5
168,2,10/1/2023,Technology,21,10
169,2,10/1/2023,Sales,20,9.5
170,2,10/1/2023,Finance & Admin,17,8.1
171,2,11/1/2023,Warehouse & Drivers,114,53.3
172,2,11/1/2023,Operations,37,17.3
173,2,11/1/2023,Technology,21,9.8
174,2,11/1/2023,Sales,20,9.3
175,2,11/1/2023,Finance & Admin,18,8.4
176,2,12/1/2023,Warehouse & Drivers,112,52.6
177,2,12/1/2023,Operations,37,17.4
178,2,12/1/2023,Technology,21,9.9
179,2,12/1/2023,Sales,21,9.9
180,2,12/1/2023,Finance & Admin,17,8
181,2,1/1/2024,Warehouse & Drivers,122,56.7
182,2,1/1/2024,Operations,37,17.2
183,2,1/1/2024,Technology,22,10.2
184,2,1/1/2024,Sales,19,8.8
185,2,1/1/2024,Finance & Admin,17,7.9
186,2,2/1/2024,Warehouse & Drivers,108,50.2
187,2,2/1/2024,Operations,41,19.1
188,2,2/1/2024,Technology,22,10.2
189,2,2/1/2024,Sales,20,9.3
190,2,2/1/2024,Finance & Admin,18,8.4
191,2,3/1/2024,Warehouse & Drivers,114,53
192,2,3/1/2024,Operations,40,18.6
193,2,3/1/2024,Technology,21,9.8
194,2,3/1/2024,Sales,20,9.3
195,2,3/1/2024,Finance & Admin,18,8.4
196,2,4/1/2024,Warehouse & Drivers,115,54
197,2,4/1/2024,Operations,38,17.8
198,2,4/1/2024,Technology,21,9.9
199,2,4/1/2024,Sales,19,8.9
200,2,4/1/2024,Finance & Admin,17,8
201,2,5/1/2024,Warehouse & Drivers,119,55.1
202,2,5/1/2024,Operations,39,18.1
203,2,5/1/2024,Technology,24,11.1
204,2,5/1/2024,Sales,19,8.8
205,2,5/1/2024,Finance & Admin,17,7.9
206,2,6/1/2024,Warehouse & Drivers,118,55.7
207,2,6/1/2024,Operations,38,17.9
208,2,6/1/2024,Technology,20,9.4
209,2,6/1/2024,Sales,19,9
210,2,6/1/2024,Finance & Admin,17,8
211,2,7/1/2024,Warehouse & Drivers,119,56.4
212,2,7/1/2024,Operations,38,18
213,2,7/1/2024,Technology,21,10
214,2,7/1/2024,Sales,19,9
215,2,7/1/2024,Finance & Admin,17,8.1
216,2,8/1/2024,Warehouse & Drivers,116,55.2
217,2,8/1/2024,Operations,36,17.1
218,2,8/1/2024,Technology,19,9
219,2,8/1/2024,Sales,18,8.6
220,2,8/1/2024,Finance & Admin,16,7.6
221,2,9/1/2024,Warehouse & Drivers,123,57.7
222,2,9/1/2024,Operations,38,17.8
223,2,9/1/2024,Technology,21,9.9
224,2,9/1/2024,Sales,20,9.4
225,2,9/1/2024,Finance & Admin,18,8.5
226,2,10/1/2024,Warehouse & Drivers,124,59.3
227,2,10/1/2024,Operations,39,18.7
228,2,10/1/2024,Technology,21,10
229,2,10/1/2024,Sales,18,8.6
230,2,10/1/2024,Finance & Admin,17,8.1
231,2,11/1/2024,Warehouse & Drivers,117,55.5
232,2,11/1/2024,Operations,36,17.1
233,2,11/1/2024,Technology,21,10
234,2,11/1/2024,Sales,17,8.1
235,2,11/1/2024,Finance & Admin,16,7.6
236,2,12/1/2024,Warehouse & Drivers,123,58
237,2,12/1/2024,Operations,40,18.9
238,2,12/1/2024,Technology,21,9.9
239,2,12/1/2024,Sales,19,9
240,2,12/1/2024,Finance & Admin,17,8
241,3,1/1/2023,Engineering,19,39.6
242,3,1/1/2023,Sales & Marketing,11,22.9
243,3,1/1/2023,Customer Success,7,14.6
244,3,1/1/2023,Product,6,12.5
245,3,1/1/2023,Finance & Admin,4,8.3
246,3,2/1/2023,Engineering,20,38.5
247,3,2/1/2023,Sales & Marketing,13,25
248,3,2/1/2023,Customer Success,8,15.4
249,3,2/1/2023,Product,6,11.5
250,3,2/1/2023,Finance & Admin,4,7.7
251,3,3/1/2023,Engineering,21,38.2
252,3,3/1/2023,Sales & Marketing,13,23.6
253,3,3/1/2023,Customer Success,8,14.5
254,3,3/1/2023,Product,7,12.7
255,3,3/1/2023,Finance & Admin,5,9.1
256,3,4/1/2023,Engineering,23,39
257,3,4/1/2023,Sales & Marketing,15,25.4
258,3,4/1/2023,Customer Success,8,13.6
259,3,4/1/2023,Product,7,11.9
260,3,4/1/2023,Finance & Admin,5,8.5
261,3,5/1/2023,Engineering,24,40
262,3,5/1/2023,Sales & Marketing,16,26.7
263,3,5/1/2023,Customer Success,8,13.3
264,3,5/1/2023,Product,7,11.7
265,3,5/1/2023,Finance & Admin,5,8.3
266,3,6/1/2023,Engineering,24,38.7
267,3,6/1/2023,Sales & Marketing,16,25.8
268,3,6/1/2023,Customer Success,9,14.5
269,3,6/1/2023,Product,7,11.3
270,3,6/1/2023,Finance & Admin,5,8.1
271,3,7/1/2023,Engineering,24,38.7
272,3,7/1/2023,Sales & Marketing,14,22.6
273,3,7/1/2023,Customer Success,9,14.5
274,3,7/1/2023,Product,8,12.9
275,3,7/1/2023,Finance & Admin,5,8.1
276,3,8/1/2023,Engineering,26,40.6
277,3,8/1/2023,Sales & Marketing,16,25
278,3,8/1/2023,Customer Success,10,15.6
279,3,8/1/2023,Product,8,12.5
280,3,8/1/2023,Finance & Admin,5,7.8
281,3,9/1/2023,Engineering,28,41.8
282,3,9/1/2023,Sales & Marketing,16,23.9
283,3,9/1/2023,Customer Success,9,13.4
284,3,9/1/2023,Product,8,11.9
285,3,9/1/2023,Finance & Admin,6,9
286,3,10/1/2023,Engineering,26,38.2
287,3,10/1/2023,Sales & Marketing,17,25
288,3,10/1/2023,Customer Success,10,14.7
289,3,10/1/2023,Product,8,11.8
290,3,10/1/2023,Finance & Admin,5,7.4
291,3,11/1/2023,Engineering,28,40.6
292,3,11/1/2023,Sales & Marketing,17,24.6
293,3,11/1/2023,Customer Success,11,15.9
294,3,11/1/2023,Product,9,13
295,3,11/1/2023,Finance & Admin,5,7.2
296,3,12/1/2023,Engineering,30,41.7
297,3,12/1/2023,Sales & Marketing,18,25
298,3,12/1/2023,Customer Success,10,13.9
299,3,12/1/2023,Product,9,12.5
300,3,12/1/2023,Finance & Admin,6,8.3
301,3,1/1/2024,Engineering,26,35.6
302,3,1/1/2024,Sales & Marketing,17,23.3
303,3,1/1/2024,Customer Success,11,15.1
304,3,1/1/2024,Product,9,12.3
305,3,1/1/2024,Finance & Admin,6,8.2
306,3,2/1/2024,Engineering,29,39.7
307,3,2/1/2024,Sales & Marketing,19,26
308,3,2/1/2024,Customer Success,11,15.1
309,3,2/1/2024,Product,9,12.3
310,3,2/1/2024,Finance & Admin,6,8.2
311,3,3/1/2024,Engineering,33,42.9
312,3,3/1/2024,Sales & Marketing,20,26
313,3,3/1/2024,Customer Success,12,15.6
314,3,3/1/2024,Product,10,13
315,3,3/1/2024,Finance & Admin,6,7.8
316,3,4/1/2024,Engineering,29,37.7
317,3,4/1/2024,Sales & Marketing,19,24.7
318,3,4/1/2024,Customer Success,11,14.3
319,3,4/1/2024,Product,10,13
320,3,4/1/2024,Finance & Admin,6,7.8
321,3,5/1/2024,Engineering,31,38.8
322,3,5/1/2024,Sales & Marketing,20,25
323,3,5/1/2024,Customer Success,12,15
324,3,5/1/2024,Product,9,11.2
325,3,5/1/2024,Finance & Admin,6,7.5
326,3,6/1/2024,Engineering,31,38.8
327,3,6/1/2024,Sales & Marketing,18,22.5
328,3,6/1/2024,Customer Success,11,13.8
329,3,6/1/2024,Product,10,12.5
330,3,6/1/2024,Finance & Admin,7,8.8
331,3,7/1/2024,Engineering,34,42.5
332,3,7/1/2024,Sales & Marketing,20,25
333,3,7/1/2024,Customer Success,13,16.2
334,3,7/1/2024,Product,9,11.2
335,3,7/1/2024,Finance & Admin,7,8.8
336,3,8/1/2024,Engineering,33,41.2
337,3,8/1/2024,Sales & Marketing,20,25
338,3,8/1/2024,Customer Success,11,13.8
339,3,8/1/2024,Product,10,12.5
340,3,8/1/2024,Finance & Admin,6,7.5
341,3,9/1/2024,Engineering,32,39
342,3,9/1/2024,Sales & Marketing,20,24.4
343,3,9/1/2024,Customer Success,13,15.9
344,3,9/1/2024,Product,10,12.2
345,3,9/1/2024,Finance & Admin,7,8.5
346,3,10/1/2024,Engineering,34,40
347,3,10/1/2024,Sales & Marketing,21,24.7
348,3,10/1/2024,Customer Success,13,15.3
349,3,10/1/2024,Product,11,12.9
350,3,10/1/2024,Finance & Admin,7,8.2
351,3,11/1/2024,Engineering,34,38.2
352,3,11/1/2024,Sales & Marketing,24,27
353,3,11/1/2024,Customer Success,14,15.7
354,3,11/1/2024,Product,10,11.2
355,3,11/1/2024,Finance & Admin,7,7.9
356,3,12/1/2024,Engineering,38,40.9
357,3,12/1/2024,Sales & Marketing,23,24.7
358,3,12/1/2024,Customer Success,15,16.1
359,3,12/1/2024,Product,11,11.8
360,3,12/1/2024,Finance & Admin,8,8.6
361,4,1/1/2023,Recruiting & Delivery,57,45.6
362,4,1/1/2023,Account Management,25,20
363,4,1/1/2023,Operations,20,16
364,4,1/1/2023,Sales,12,9.6
365,4,1/1/2023,Finance & Admin,9,7.2
366,4,2/1/2023,Recruiting & Delivery,63,48.8
367,4,2/1/2023,Account Management,26,20.2
368,4,2/1/2023,Operations,19,14.7
369,4,2/1/2023,Sales,13,10.1
370,4,2/1/2023,Finance & Admin,9,7
371,4,3/1/2023,Recruiting & Delivery,62,47.3
372,4,3/1/2023,Account Management,26,19.8
373,4,3/1/2023,Operations,20,15.3
374,4,3/1/2023,Sales,13,9.9
375,4,3/1/2023,Finance & Admin,9,6.9
376,4,4/1/2023,Recruiting & Delivery,71,52.2
377,4,4/1/2023,Account Management,27,19.9
378,4,4/1/2023,Operations,19,14
379,4,4/1/2023,Sales,13,9.6
380,4,4/1/2023,Finance & Admin,10,7.4
381,4,5/1/2023,Recruiting & Delivery,69,50.4
382,4,5/1/2023,Account Management,28,20.4
383,4,5/1/2023,Operations,21,15.3
384,4,5/1/2023,Sales,14,10.2
385,4,5/1/2023,Finance & Admin,10,7.3
386,4,6/1/2023,Recruiting & Delivery,75,52.8
387,4,6/1/2023,Account Management,27,19
388,4,6/1/2023,Operations,21,14.8
389,4,6/1/2023,Sales,15,10.6
390,4,6/1/2023,Finance & Admin,10,7
391,4,7/1/2023,Recruiting & Delivery,70,47.6
392,4,7/1/2023,Account Management,29,19.7
393,4,7/1/2023,Operations,22,15
394,4,7/1/2023,Sales,14,9.5
395,4,7/1/2023,Finance & Admin,11,7.5
396,4,8/1/2023,Recruiting & Delivery,70,47.9
397,4,8/1/2023,Account Management,30,20.5
398,4,8/1/2023,Operations,22,15.1
399,4,8/1/2023,Sales,15,10.3
400,4,8/1/2023,Finance & Admin,10,6.8
401,4,9/1/2023,Recruiting & Delivery,71,47.3
402,4,9/1/2023,Account Management,29,19.3
403,4,9/1/2023,Operations,23,15.3
404,4,9/1/2023,Sales,16,10.7
405,4,9/1/2023,Finance & Admin,11,7.3
406,4,10/1/2023,Recruiting & Delivery,71,48
407,4,10/1/2023,Account Management,29,19.6
408,4,10/1/2023,Operations,21,14.2
409,4,10/1/2023,Sales,14,9.5
410,4,10/1/2023,Finance & Admin,10,6.8
411,4,11/1/2023,Recruiting & Delivery,69,46.9
412,4,11/1/2023,Account Management,28,19
413,4,11/1/2023,Operations,22,15
414,4,11/1/2023,Sales,14,9.5
415,4,11/1/2023,Finance & Admin,11,7.5
416,4,12/1/2023,Recruiting & Delivery,74,49
417,4,12/1/2023,Account Management,31,20.5
418,4,12/1/2023,Operations,21,13.9
419,4,12/1/2023,Sales,15,9.9
420,4,12/1/2023,Finance & Admin,10,6.6
421,4,1/1/2024,Recruiting & Delivery,73,47.7
422,4,1/1/2024,Account Management,30,19.6
423,4,1/1/2024,Operations,22,14.4
424,4,1/1/2024,Sales,14,9.2
425,4,1/1/2024,Finance & Admin,11,7.2
426,4,2/1/2024,Recruiting & Delivery,71,44.9
427,4,2/1/2024,Account Management,33,20.9
428,4,2/1/2024,Operations,23,14.6
429,4,2/1/2024,Sales,16,10.1
430,4,2/1/2024,Finance & Admin,11,7
431,4,3/1/2024,Recruiting & Delivery,79,48.8
432,4,3/1/2024,Account Management,33,20.4
433,4,3/1/2024,Operations,23,14.2
434,4,3/1/2024,Sales,17,10.5
435,4,3/1/2024,Finance & Admin,11,6.8
436,4,4/1/2024,Recruiting & Delivery,79,48.8
437,4,4/1/2024,Account Management,33,20.4
438,4,4/1/2024,Operations,23,14.2
439,4,4/1/2024,Sales,16,9.9
440,4,4/1/2024,Finance & Admin,12,7.4
441,4,5/1/2024,Recruiting & Delivery,79,47.3
442,4,5/1/2024,Account Management,34,20.4
443,4,5/1/2024,Operations,27,16.2
444,4,5/1/2024,Sales,15,9
445,4,5/1/2024,Finance & Admin,11,6.6
446,4,6/1/2024,Recruiting & Delivery,84,50.9
447,4,6/1/2024,Account Management,31,18.8
448,4,6/1/2024,Operations,25,15.2
449,4,6/1/2024,Sales,17,10.3
450,4,6/1/2024,Finance & Admin,13,7.9
451,4,7/1/2024,Recruiting & Delivery,81,47.9
452,4,7/1/2024,Account Management,35,20.7
453,4,7/1/2024,Operations,27,16
454,4,7/1/2024,Sales,16,9.5
455,4,7/1/2024,Finance & Admin,12,7.1
456,4,8/1/2024,Recruiting & Delivery,86,50.3
457,4,8/1/2024,Account Management,35,20.5
458,4,8/1/2024,Operations,25,14.6
459,4,8/1/2024,Sales,18,10.5
460,4,8/1/2024,Finance & Admin,12,7
461,4,9/1/2024,Recruiting & Delivery,82,48.5
462,4,9/1/2024,Account Management,33,19.5
463,4,9/1/2024,Operations,24,14.2
464,4,9/1/2024,Sales,17,10.1
465,4,9/1/2024,Finance & Admin,12,7.1
466,4,10/1/2024,Recruiting & Delivery,77,45.3
467,4,10/1/2024,Account Management,33,19.4
468,4,10/1/2024,Operations,25,14.7
469,4,10/1/2024,Sales,16,9.4
470,4,10/1/2024,Finance & Admin,12,7.1
471,4,11/1/2024,Recruiting & Delivery,86,51.2
472,4,11/1/2024,Account Management,34,20.2
473,4,11/1/2024,Operations,24,14.3
474,4,11/1/2024,Sales,17,10.1
475,4,11/1/2024,Finance & Admin,12,7.1
476,4,12/1/2024,Recruiting & Delivery,82,48.2
477,4,12/1/2024,Account Management,34,20
478,4,12/1/2024,Operations,25,14.7
479,4,12/1/2024,Sales,16,9.4
480,4,12/1/2024,Finance & Admin,12,7.1
481,5,1/1/2023,Technicians,104,59.4
482,5,1/1/2023,Dispatch & Scheduling,24,13.7
483,5,1/1/2023,Sales,21,12
484,5,1/1/2023,Operations,16,9.1
485,5,1/1/2023,Finance & Admin,10,5.7
486,5,2/1/2023,Technicians,103,59.5
487,5,2/1/2023,Dispatch & Scheduling,24,13.9
488,5,2/1/2023,Sales,22,12.7
489,5,2/1/2023,Operations,16,9.2
490,5,2/1/2023,Finance & Admin,10,5.8
491,5,3/1/2023,Technicians,92,54.1
492,5,3/1/2023,Dispatch & Scheduling,24,14.1
493,5,3/1/2023,Sales,20,11.8
494,5,3/1/2023,Operations,17,10
495,5,3/1/2023,Finance & Admin,10,5.9
496,5,4/1/2023,Technicians,93,54.4
497,5,4/1/2023,Dispatch & Scheduling,24,14
498,5,4/1/2023,Sales,20,11.7
499,5,4/1/2023,Operations,17,9.9
500,5,4/1/2023,Finance & Admin,11,6.4
501,5,5/1/2023,Technicians,98,58
502,5,5/1/2023,Dispatch & Scheduling,24,14.2
503,5,5/1/2023,Sales,18,10.7
504,5,5/1/2023,Operations,17,10.1
505,5,5/1/2023,Finance & Admin,10,5.9
506,5,6/1/2023,Technicians,93,56.7
507,5,6/1/2023,Dispatch & Scheduling,22,13.4
508,5,6/1/2023,Sales,18,11
509,5,6/1/2023,Operations,17,10.4
510,5,6/1/2023,Finance & Admin,10,6.1
511,5,7/1/2023,Technicians,92,55.4
512,5,7/1/2023,Dispatch & Scheduling,24,14.5
513,5,7/1/2023,Sales,19,11.4
514,5,7/1/2023,Operations,17,10.2
515,5,7/1/2023,Finance & Admin,10,6
516,5,8/1/2023,Technicians,95,57.6
517,5,8/1/2023,Dispatch & Scheduling,23,13.9
518,5,8/1/2023,Sales,19,11.5
519,5,8/1/2023,Operations,17,10.3
520,5,8/1/2023,Finance & Admin,9,5.5
521,5,9/1/2023,Technicians,95,59
522,5,9/1/2023,Dispatch & Scheduling,22,13.7
523,5,9/1/2023,Sales,21,13
524,5,9/1/2023,Operations,15,9.3
525,5,9/1/2023,Finance & Admin,10,6.2
526,5,10/1/2023,Technicians,94,59.1
527,5,10/1/2023,Dispatch & Scheduling,22,13.8
528,5,10/1/2023,Sales,19,11.9
529,5,10/1/2023,Operations,16,10.1
530,5,10/1/2023,Finance & Admin,9,5.7
531,5,11/1/2023,Technicians,95,60.5
532,5,11/1/2023,Dispatch & Scheduling,23,14.6
533,5,11/1/2023,Sales,19,12.1
534,5,11/1/2023,Operations,15,9.6
535,5,11/1/2023,Finance & Admin,9,5.7
536,5,12/1/2023,Technicians,89,57.1
537,5,12/1/2023,Dispatch & Scheduling,22,14.1
538,5,12/1/2023,Sales,19,12.2
539,5,12/1/2023,Operations,15,9.6
540,5,12/1/2023,Finance & Admin,10,6.4
541,5,1/1/2024,Technicians,92,59.4
542,5,1/1/2024,Dispatch & Scheduling,23,14.8
543,5,1/1/2024,Sales,18,11.6
544,5,1/1/2024,Operations,15,9.7
545,5,1/1/2024,Finance & Admin,9,5.8
546,5,2/1/2024,Technicians,93,61.2
547,5,2/1/2024,Dispatch & Scheduling,22,14.5
548,5,2/1/2024,Sales,18,11.8
549,5,2/1/2024,Operations,15,9.9
550,5,2/1/2024,Finance & Admin,10,6.6
551,5,3/1/2024,Technicians,88,58.3
552,5,3/1/2024,Dispatch & Scheduling,21,13.9
553,5,3/1/2024,Sales,19,12.6
554,5,3/1/2024,Operations,15,9.9
555,5,3/1/2024,Finance & Admin,9,6
556,5,4/1/2024,Technicians,84,56.8
557,5,4/1/2024,Dispatch & Scheduling,21,14.2
558,5,4/1/2024,Sales,19,12.8
559,5,4/1/2024,Operations,14,9.5
560,5,4/1/2024,Finance & Admin,9,6.1
561,5,5/1/2024,Technicians,83,56.1
562,5,5/1/2024,Dispatch & Scheduling,20,13.5
563,5,5/1/2024,Sales,18,12.2
564,5,5/1/2024,Operations,15,10.1
565,5,5/1/2024,Finance & Admin,9,6.1
566,5,6/1/2024,Technicians,87,60
567,5,6/1/2024,Dispatch & Scheduling,21,14.5
568,5,6/1/2024,Sales,18,12.4
569,5,6/1/2024,Operations,14,9.7
570,5,6/1/2024,Finance & Admin,9,6.2
571,5,7/1/2024,Technicians,80,57.1
572,5,7/1/2024,Dispatch & Scheduling,20,14.3
573,5,7/1/2024,Sales,16,11.4
574,5,7/1/2024,Operations,15,10.7
575,5,7/1/2024,Finance & Admin,8,5.7
576,5,8/1/2024,Technicians,77,56.2
577,5,8/1/2024,Dispatch & Scheduling,19,13.9
578,5,8/1/2024,Sales,16,11.7
579,5,8/1/2024,Operations,14,10.2
580,5,8/1/2024,Finance & Admin,8,5.8
581,5,9/1/2024,Technicians,78,56.9
582,5,9/1/2024,Dispatch & Scheduling,19,13.9
583,5,9/1/2024,Sales,16,11.7
584,5,9/1/2024,Operations,14,10.2
585,5,9/1/2024,Finance & Admin,8,5.8
586,5,10/1/2024,Technicians,82,59.4
587,5,10/1/2024,Dispatch & Scheduling,19,13.8
588,5,10/1/2024,Sales,16,11.6
589,5,10/1/2024,Operations,13,9.4
590,5,10/1/2024,Finance & Admin,8,5.8
591,5,11/1/2024,Technicians,76,55.5
592,5,11/1/2024,Dispatch & Scheduling,19,13.9
593,5,11/1/2024,Sales,16,11.7
594,5,11/1/2024,Operations,13,9.5
595,5,11/1/2024,Finance & Admin,8,5.8
596,5,12/1/2024,Technicians,80,58.8
597,5,12/1/2024,Dispatch & Scheduling,20,14.7
598,5,12/1/2024,Sales,16,11.8
599,5,12/1/2024,Operations,14,10.3
600,5,12/1/2024,Finance & Admin,8,5.9
601,6,1/1/2023,Lab & Clinical,46,48.9
602,6,1/1/2023,Operations,18,19.1
603,6,1/1/2023,Billing & Compliance,12,12.8
604,6,1/1/2023,Sales,9,9.6
605,6,1/1/2023,Finance & Admin,7,7.4
606,6,2/1/2023,Lab & Clinical,50,51.5
607,6,2/1/2023,Operations,18,18.6
608,6,2/1/2023,Billing & Compliance,13,13.4
609,6,2/1/2023,Sales,9,9.3
610,6,2/1/2023,Finance & Admin,6,6.2
611,6,3/1/2023,Lab & Clinical,47,49
612,6,3/1/2023,Operations,18,18.8
613,6,3/1/2023,Billing & Compliance,14,14.6
614,6,3/1/2023,Sales,9,9.4
615,6,3/1/2023,Finance & Admin,6,6.2
616,6,4/1/2023,Lab & Clinical,54,54.5
617,6,4/1/2023,Operations,18,18.2
618,6,4/1/2023,Billing & Compliance,14,14.1
619,6,4/1/2023,Sales,9,9.1
620,6,4/1/2023,Finance & Admin,7,7.1
621,6,5/1/2023,Lab & Clinical,49,49.5
622,6,5/1/2023,Operations,18,18.2
623,6,5/1/2023,Billing & Compliance,14,14.1
624,6,5/1/2023,Sales,9,9.1
625,6,5/1/2023,Finance & Admin,7,7.1
626,6,6/1/2023,Lab & Clinical,56,55.4
627,6,6/1/2023,Operations,18,17.8
628,6,6/1/2023,Billing & Compliance,14,13.9
629,6,6/1/2023,Sales,8,7.9
630,6,6/1/2023,Finance & Admin,7,6.9
631,6,7/1/2023,Lab & Clinical,51,49.5
632,6,7/1/2023,Operations,18,17.5
633,6,7/1/2023,Billing & Compliance,15,14.6
634,6,7/1/2023,Sales,9,8.7
635,6,7/1/2023,Finance & Admin,7,6.8
636,6,8/1/2023,Lab & Clinical,58,54.7
637,6,8/1/2023,Operations,17,16
638,6,8/1/2023,Billing & Compliance,16,15.1
639,6,8/1/2023,Sales,10,9.4
640,6,8/1/2023,Finance & Admin,7,6.6
641,6,9/1/2023,Lab & Clinical,55,50
642,6,9/1/2023,Operations,20,18.2
643,6,9/1/2023,Billing & Compliance,16,14.5
644,6,9/1/2023,Sales,10,9.1
645,6,9/1/2023,Finance & Admin,9,8.2
646,6,10/1/2023,Lab & Clinical,57,52.3
647,6,10/1/2023,Operations,20,18.3
648,6,10/1/2023,Billing & Compliance,15,13.8
649,6,10/1/2023,Sales,10,9.2
650,6,10/1/2023,Finance & Admin,8,7.3
651,6,11/1/2023,Lab & Clinical,56,51.9
652,6,11/1/2023,Operations,20,18.5
653,6,11/1/2023,Billing & Compliance,15,13.9
654,6,11/1/2023,Sales,10,9.3
655,6,11/1/2023,Finance & Admin,7,6.5
656,6,12/1/2023,Lab & Clinical,54,50
657,6,12/1/2023,Operations,19,17.6
658,6,12/1/2023,Billing & Compliance,15,13.9
659,6,12/1/2023,Sales,10,9.3
660,6,12/1/2023,Finance & Admin,8,7.4
661,6,1/1/2024,Lab & Clinical,60,53.6
662,6,1/1/2024,Operations,19,17
663,6,1/1/2024,Billing & Compliance,17,15.2
664,6,1/1/2024,Sales,10,8.9
665,6,1/1/2024,Finance & Admin,8,7.1
666,6,2/1/2024,Lab & Clinical,64,55.2
667,6,2/1/2024,Operations,20,17.2
668,6,2/1/2024,Billing & Compliance,16,13.8
669,6,2/1/2024,Sales,11,9.5
670,6,2/1/2024,Finance & Admin,8,6.9
671,6,3/1/2024,Lab & Clinical,61,51.3
672,6,3/1/2024,Operations,21,17.6
673,6,3/1/2024,Billing & Compliance,17,14.3
674,6,3/1/2024,Sales,11,9.2
675,6,3/1/2024,Finance & Admin,8,6.7
676,6,4/1/2024,Lab & Clinical,72,59
677,6,4/1/2024,Operations,22,18
678,6,4/1/2024,Billing & Compliance,18,14.8
679,6,4/1/2024,Sales,11,9
680,6,4/1/2024,Finance & Admin,8,6.6
681,6,5/1/2024,Lab & Clinical,60,49.2
682,6,5/1/2024,Operations,23,18.9
683,6,5/1/2024,Billing & Compliance,17,13.9
684,6,5/1/2024,Sales,10,8.2
685,6,5/1/2024,Finance & Admin,9,7.4
686,6,6/1/2024,Lab & Clinical,62,49.6
687,6,6/1/2024,Operations,22,17.6
688,6,6/1/2024,Billing & Compliance,17,13.6
689,6,6/1/2024,Sales,12,9.6
690,6,6/1/2024,Finance & Admin,9,7.2
691,6,7/1/2024,Lab & Clinical,65,50.4
692,6,7/1/2024,Operations,23,17.8
693,6,7/1/2024,Billing & Compliance,17,13.2
694,6,7/1/2024,Sales,12,9.3
695,6,7/1/2024,Finance & Admin,9,7
696,6,8/1/2024,Lab & Clinical,68,51.1
697,6,8/1/2024,Operations,24,18
698,6,8/1/2024,Billing & Compliance,20,15
699,6,8/1/2024,Sales,12,9
700,6,8/1/2024,Finance & Admin,9,6.8
701,6,9/1/2024,Lab & Clinical,72,54.1
702,6,9/1/2024,Operations,25,18.8
703,6,9/1/2024,Billing & Compliance,19,14.3
704,6,9/1/2024,Sales,12,9
705,6,9/1/2024,Finance & Admin,10,7.5
706,6,10/1/2024,Lab & Clinical,72,54.1
707,6,10/1/2024,Operations,25,18.8
708,6,10/1/2024,Billing & Compliance,19,14.3
709,6,10/1/2024,Sales,13,9.8
710,6,10/1/2024,Finance & Admin,9,6.8
711,6,11/1/2024,Lab & Clinical,69,51.1
712,6,11/1/2024,Operations,24,17.8
713,6,11/1/2024,Billing & Compliance,19,14.1
714,6,11/1/2024,Sales,13,9.6
715,6,11/1/2024,Finance & Admin,10,7.4
716,6,12/1/2024,Lab & Clinical,68,50
717,6,12/1/2024,Operations,24,17.6
718,6,12/1/2024,Billing & Compliance,18,13.2
719,6,12/1/2024,Sales,13,9.6
720,6,12/1/2024,Finance & Admin,9,6.6
721,7,1/1/2023,Store Operations,36,55.4
722,7,1/1/2023,Supply Chain,12,18.5
723,7,1/1/2023,Marketing,8,12.3
724,7,1/1/2023,Finance & Admin,5,7.7
725,7,1/1/2023,E-Commerce,5,7.7
726,7,2/1/2023,Store Operations,40,58
727,7,2/1/2023,Supply Chain,13,18.8
728,7,2/1/2023,Marketing,8,11.6
729,7,2/1/2023,Finance & Admin,6,8.7
730,7,2/1/2023,E-Commerce,5,7.2
731,7,3/1/2023,Store Operations,40,56.3
732,7,3/1/2023,Supply Chain,13,18.3
733,7,3/1/2023,Marketing,9,12.7
734,7,3/1/2023,Finance & Admin,6,8.5
735,7,3/1/2023,E-Commerce,5,7
736,7,4/1/2023,Store Operations,42,57.5
737,7,4/1/2023,Supply Chain,13,17.8
738,7,4/1/2023,Marketing,9,12.3
739,7,4/1/2023,Finance & Admin,6,8.2
740,7,4/1/2023,E-Commerce,5,6.8
741,7,5/1/2023,Store Operations,40,53.3
742,7,5/1/2023,Supply Chain,13,17.3
743,7,5/1/2023,Marketing,9,12
744,7,5/1/2023,Finance & Admin,6,8
745,7,5/1/2023,E-Commerce,5,6.7
746,7,6/1/2023,Store Operations,42,54.5
747,7,6/1/2023,Supply Chain,15,19.5
748,7,6/1/2023,Marketing,9,11.7
749,7,6/1/2023,Finance & Admin,6,7.8
750,7,6/1/2023,E-Commerce,5,6.5
751,7,7/1/2023,Store Operations,42,53.8
752,7,7/1/2023,Supply Chain,15,19.2
753,7,7/1/2023,Marketing,9,11.5
754,7,7/1/2023,Finance & Admin,7,9
755,7,7/1/2023,E-Commerce,6,7.7
756,7,8/1/2023,Store Operations,43,53.1
757,7,8/1/2023,Supply Chain,14,17.3
758,7,8/1/2023,Marketing,10,12.3
759,7,8/1/2023,Finance & Admin,6,7.4
760,7,8/1/2023,E-Commerce,6,7.4
761,7,9/1/2023,Store Operations,46,54.8
762,7,9/1/2023,Supply Chain,14,16.7
763,7,9/1/2023,Marketing,11,13.1
764,7,9/1/2023,Finance & Admin,7,8.3
765,7,9/1/2023,E-Commerce,6,7.1
766,7,10/1/2023,Store Operations,48,56.5
767,7,10/1/2023,Supply Chain,15,17.6
768,7,10/1/2023,Marketing,10,11.8
769,7,10/1/2023,Finance & Admin,7,8.2
770,7,10/1/2023,E-Commerce,5,5.9
771,7,11/1/2023,Store Operations,47,54
772,7,11/1/2023,Supply Chain,17,19.5
773,7,11/1/2023,Marketing,11,12.6
774,7,11/1/2023,Finance & Admin,7,8
775,7,11/1/2023,E-Commerce,6,6.9
776,7,12/1/2023,Store Operations,46,52.3
777,7,12/1/2023,Supply Chain,15,17
778,7,12/1/2023,Marketing,10,11.4
779,7,12/1/2023,Finance & Admin,7,8
780,7,12/1/2023,E-Commerce,6,6.8
781,7,1/1/2024,Store Operations,51,57.3
782,7,1/1/2024,Supply Chain,16,18
783,7,1/1/2024,Marketing,10,11.2
784,7,1/1/2024,Finance & Admin,7,7.9
785,7,1/1/2024,E-Commerce,7,7.9
786,7,2/1/2024,Store Operations,50,56.2
787,7,2/1/2024,Supply Chain,16,18
788,7,2/1/2024,Marketing,11,12.4
789,7,2/1/2024,Finance & Admin,7,7.9
790,7,2/1/2024,E-Commerce,6,6.7
791,7,3/1/2024,Store Operations,50,54.9
792,7,3/1/2024,Supply Chain,16,17.6
793,7,3/1/2024,Marketing,11,12.1
794,7,3/1/2024,Finance & Admin,7,7.7
795,7,3/1/2024,E-Commerce,7,7.7
796,7,4/1/2024,Store Operations,53,57
797,7,4/1/2024,Supply Chain,18,19.4
798,7,4/1/2024,Marketing,11,11.8
799,7,4/1/2024,Finance & Admin,8,8.6
800,7,4/1/2024,E-Commerce,7,7.5
801,7,5/1/2024,Store Operations,54,58.1
802,7,5/1/2024,Supply Chain,17,18.3
803,7,5/1/2024,Marketing,10,10.8
804,7,5/1/2024,Finance & Admin,7,7.5
805,7,5/1/2024,E-Commerce,6,6.5
806,7,6/1/2024,Store Operations,58,59.8
807,7,6/1/2024,Supply Chain,17,17.5
808,7,6/1/2024,Marketing,10,10.3
809,7,6/1/2024,Finance & Admin,8,8.2
810,7,6/1/2024,E-Commerce,7,7.2
811,7,7/1/2024,Store Operations,58,58.6
812,7,7/1/2024,Supply Chain,18,18.2
813,7,7/1/2024,Marketing,12,12.1
814,7,7/1/2024,Finance & Admin,8,8.1
815,7,7/1/2024,E-Commerce,7,7.1
816,7,8/1/2024,Store Operations,57,55.3
817,7,8/1/2024,Supply Chain,19,18.4
818,7,8/1/2024,Marketing,12,11.7
819,7,8/1/2024,Finance & Admin,8,7.8
820,7,8/1/2024,E-Commerce,8,7.8
821,7,9/1/2024,Store Operations,58,55.8
822,7,9/1/2024,Supply Chain,18,17.3
823,7,9/1/2024,Marketing,13,12.5
824,7,9/1/2024,Finance & Admin,8,7.7
825,7,9/1/2024,E-Commerce,7,6.7
826,7,10/1/2024,Store Operations,56,52.3
827,7,10/1/2024,Supply Chain,20,18.7
828,7,10/1/2024,Marketing,14,13.1
829,7,10/1/2024,Finance & Admin,9,8.4
830,7,10/1/2024,E-Commerce,7,6.5
831,7,11/1/2024,Store Operations,56,50.9
832,7,11/1/2024,Supply Chain,20,18.2
833,7,11/1/2024,Marketing,14,12.7
834,7,11/1/2024,Finance & Admin,9,8.2
835,7,11/1/2024,E-Commerce,8,7.3
836,7,12/1/2024,Store Operations,62,55.4
837,7,12/1/2024,Supply Chain,21,18.8
838,7,12/1/2024,Marketing,13,11.6
839,7,12/1/2024,Finance & Admin,9,8
840,7,12/1/2024,E-Commerce,8,7.1
841,8,1/1/2023,Dental Clinical,91,58.3
842,8,1/1/2023,Patient Services,31,19.9
843,8,1/1/2023,Billing & Insurance,18,11.5
844,8,1/1/2023,Operations,12,7.7
845,8,1/1/2023,Finance & Admin,8,5.1
846,8,2/1/2023,Dental Clinical,80,51
847,8,2/1/2023,Patient Services,30,19.1
848,8,2/1/2023,Billing & Insurance,21,13.4
849,8,2/1/2023,Operations,13,8.3
850,8,2/1/2023,Finance & Admin,8,5.1
851,8,3/1/2023,Dental Clinical,81,51.6
852,8,3/1/2023,Patient Services,33,21
853,8,3/1/2023,Billing & Insurance,19,12.1
854,8,3/1/2023,Operations,12,7.6
855,8,3/1/2023,Finance & Admin,8,5.1
856,8,4/1/2023,Dental Clinical,86,53.8
857,8,4/1/2023,Patient Services,29,18.1
858,8,4/1/2023,Billing & Insurance,19,11.9
859,8,4/1/2023,Operations,13,8.1
860,8,4/1/2023,Finance & Admin,8,5
861,8,5/1/2023,Dental Clinical,85,52.8
862,8,5/1/2023,Patient Services,32,19.9
863,8,5/1/2023,Billing & Insurance,18,11.2
864,8,5/1/2023,Operations,13,8.1
865,8,5/1/2023,Finance & Admin,8,5
866,8,6/1/2023,Dental Clinical,87,54.4
867,8,6/1/2023,Patient Services,32,20
868,8,6/1/2023,Billing & Insurance,19,11.9
869,8,6/1/2023,Operations,14,8.8
870,8,6/1/2023,Finance & Admin,8,5
871,8,7/1/2023,Dental Clinical,97,59.1
872,8,7/1/2023,Patient Services,32,19.5
873,8,7/1/2023,Billing & Insurance,20,12.2
874,8,7/1/2023,Operations,13,7.9
875,8,7/1/2023,Finance & Admin,9,5.5
876,8,8/1/2023,Dental Clinical,89,53.3
877,8,8/1/2023,Patient Services,33,19.8
878,8,8/1/2023,Billing & Insurance,19,11.4
879,8,8/1/2023,Operations,13,7.8
880,8,8/1/2023,Finance & Admin,9,5.4
881,8,9/1/2023,Dental Clinical,96,57.5
882,8,9/1/2023,Patient Services,32,19.2
883,8,9/1/2023,Billing & Insurance,19,11.4
884,8,9/1/2023,Operations,13,7.8
885,8,9/1/2023,Finance & Admin,8,4.8
886,8,10/1/2023,Dental Clinical,100,59.2
887,8,10/1/2023,Patient Services,33,19.5
888,8,10/1/2023,Billing & Insurance,21,12.4
889,8,10/1/2023,Operations,14,8.3
890,8,10/1/2023,Finance & Admin,9,5.3
891,8,11/1/2023,Dental Clinical,91,53.2
892,8,11/1/2023,Patient Services,33,19.3
893,8,11/1/2023,Billing & Insurance,20,11.7
894,8,11/1/2023,Operations,14,8.2
895,8,11/1/2023,Finance & Admin,8,4.7
896,8,12/1/2023,Dental Clinical,98,56.6
897,8,12/1/2023,Patient Services,35,20.2
898,8,12/1/2023,Billing & Insurance,22,12.7
899,8,12/1/2023,Operations,14,8.1
900,8,12/1/2023,Finance & Admin,9,5.2
901,8,1/1/2024,Dental Clinical,98,56
902,8,1/1/2024,Patient Services,34,19.4
903,8,1/1/2024,Billing & Insurance,22,12.6
904,8,1/1/2024,Operations,14,8
905,8,1/1/2024,Finance & Admin,9,5.1
906,8,2/1/2024,Dental Clinical,103,58.9
907,8,2/1/2024,Patient Services,34,19.4
908,8,2/1/2024,Billing & Insurance,21,12
909,8,2/1/2024,Operations,14,8
910,8,2/1/2024,Finance & Admin,9,5.1
911,8,3/1/2024,Dental Clinical,94,52.5
912,8,3/1/2024,Patient Services,36,20.1
913,8,3/1/2024,Billing & Insurance,22,12.3
914,8,3/1/2024,Operations,15,8.4
915,8,3/1/2024,Finance & Admin,9,5
916,8,4/1/2024,Dental Clinical,91,50.3
917,8,4/1/2024,Patient Services,38,21
918,8,4/1/2024,Billing & Insurance,22,12.2
919,8,4/1/2024,Operations,14,7.7
920,8,4/1/2024,Finance & Admin,9,5
921,8,5/1/2024,Dental Clinical,105,56.8
922,8,5/1/2024,Patient Services,36,19.5
923,8,5/1/2024,Billing & Insurance,23,12.4
924,8,5/1/2024,Operations,15,8.1
925,8,5/1/2024,Finance & Admin,10,5.4
926,8,6/1/2024,Dental Clinical,108,57.4
927,8,6/1/2024,Patient Services,38,20.2
928,8,6/1/2024,Billing & Insurance,24,12.8
929,8,6/1/2024,Operations,15,8
930,8,6/1/2024,Finance & Admin,9,4.8
931,8,7/1/2024,Dental Clinical,109,56.8
932,8,7/1/2024,Patient Services,40,20.8
933,8,7/1/2024,Billing & Insurance,23,12
934,8,7/1/2024,Operations,16,8.3
935,8,7/1/2024,Finance & Admin,10,5.2
936,8,8/1/2024,Dental Clinical,105,54.7
937,8,8/1/2024,Patient Services,38,19.8
938,8,8/1/2024,Billing & Insurance,23,12
939,8,8/1/2024,Operations,15,7.8
940,8,8/1/2024,Finance & Admin,10,5.2
941,8,9/1/2024,Dental Clinical,113,57.9
942,8,9/1/2024,Patient Services,40,20.5
943,8,9/1/2024,Billing & Insurance,24,12.3
944,8,9/1/2024,Operations,15,7.7
945,8,9/1/2024,Finance & Admin,10,5.1
946,8,10/1/2024,Dental Clinical,109,55.6
947,8,10/1/2024,Patient Services,39,19.9
948,8,10/1/2024,Billing & Insurance,24,12.2
949,8,10/1/2024,Operations,15,7.7
950,8,10/1/2024,Finance & Admin,10,5.1
951,8,11/1/2024,Dental Clinical,99,49.5
952,8,11/1/2024,Patient Services,39,19.5
953,8,11/1/2024,Billing & Insurance,26,13
954,8,11/1/2024,Operations,15,7.5
955,8,11/1/2024,Finance & Admin,10,5
956,8,12/1/2024,Dental Clinical,118,58.4
957,8,12/1/2024,Patient Services,39,19.3
958,8,12/1/2024,Billing & Insurance,23,11.4
959,8,12/1/2024,Operations,17,8.4
960,8,12/1/2024,Finance & Admin,11,5.4
961,9,1/1/2023,Production,150,59.1
962,9,1/1/2023,Quality & Engineering,34,13.4
963,9,1/1/2023,Logistics,31,12.2
964,9,1/1/2023,Sales,20,7.9
965,9,1/1/2023,Finance & Admin,18,7.1
966,9,2/1/2023,Production,145,57.8
967,9,2/1/2023,Quality & Engineering,37,14.7
968,9,2/1/2023,Logistics,31,12.4
969,9,2/1/2023,Sales,19,7.6
970,9,2/1/2023,Finance & Admin,17,6.8
971,9,3/1/2023,Production,146,58.9
972,9,3/1/2023,Quality & Engineering,38,15.3
973,9,3/1/2023,Logistics,29,11.7
974,9,3/1/2023,Sales,21,8.5
975,9,3/1/2023,Finance & Admin,19,7.7
976,9,4/1/2023,Production,130,52.4
977,9,4/1/2023,Quality & Engineering,36,14.5
978,9,4/1/2023,Logistics,30,12.1
979,9,4/1/2023,Sales,21,8.5
980,9,4/1/2023,Finance & Admin,17,6.9
981,9,5/1/2023,Production,136,54.2
982,9,5/1/2023,Quality & Engineering,39,15.5
983,9,5/1/2023,Logistics,30,12
984,9,5/1/2023,Sales,20,8
985,9,5/1/2023,Finance & Admin,18,7.2
986,9,6/1/2023,Production,138,54.8
987,9,6/1/2023,Quality & Engineering,38,15.1
988,9,6/1/2023,Logistics,30,11.9
989,9,6/1/2023,Sales,20,7.9
990,9,6/1/2023,Finance & Admin,18,7.1
991,9,7/1/2023,Production,147,58.1
992,9,7/1/2023,Quality & Engineering,39,15.4
993,9,7/1/2023,Logistics,31,12.3
994,9,7/1/2023,Sales,20,7.9
995,9,7/1/2023,Finance & Admin,18,7.1
996,9,8/1/2023,Production,143,56.7
997,9,8/1/2023,Quality & Engineering,37,14.7
998,9,8/1/2023,Logistics,31,12.3
999,9,8/1/2023,Sales,20,7.9
1000,9,8/1/2023,Finance & Admin,16,6.3
1001,9,9/1/2023,Production,146,58.4
1002,9,9/1/2023,Quality & Engineering,39,15.6
1003,9,9/1/2023,Logistics,31,12.4
1004,9,9/1/2023,Sales,21,8.4
1005,9,9/1/2023,Finance & Admin,18,7.2
1006,9,10/1/2023,Production,145,57.1
1007,9,10/1/2023,Quality & Engineering,37,14.6
1008,9,10/1/2023,Logistics,31,12.2
1009,9,10/1/2023,Sales,19,7.5
1010,9,10/1/2023,Finance & Admin,19,7.5
1011,9,11/1/2023,Production,153,59.3
1012,9,11/1/2023,Quality & Engineering,40,15.5
1013,9,11/1/2023,Logistics,31,12
1014,9,11/1/2023,Sales,21,8.1
1015,9,11/1/2023,Finance & Admin,18,7
1016,9,12/1/2023,Production,156,59.5
1017,9,12/1/2023,Quality & Engineering,39,14.9
1018,9,12/1/2023,Logistics,29,11.1
1019,9,12/1/2023,Sales,19,7.3
1020,9,12/1/2023,Finance & Admin,20,7.6
1021,9,1/1/2024,Production,147,56.3
1022,9,1/1/2024,Quality & Engineering,38,14.6
1023,9,1/1/2024,Logistics,31,11.9
1024,9,1/1/2024,Sales,22,8.4
1025,9,1/1/2024,Finance & Admin,18,6.9
1026,9,2/1/2024,Production,150,57
1027,9,2/1/2024,Quality & Engineering,38,14.4
1028,9,2/1/2024,Logistics,31,11.8
1029,9,2/1/2024,Sales,21,8
1030,9,2/1/2024,Finance & Admin,19,7.2
1031,9,3/1/2024,Production,155,59.6
1032,9,3/1/2024,Quality & Engineering,37,14.2
1033,9,3/1/2024,Logistics,32,12.3
1034,9,3/1/2024,Sales,21,8.1
1035,9,3/1/2024,Finance & Admin,18,6.9
1036,9,4/1/2024,Production,151,58.3
1037,9,4/1/2024,Quality & Engineering,38,14.7
1038,9,4/1/2024,Logistics,32,12.4
1039,9,4/1/2024,Sales,19,7.3
1040,9,4/1/2024,Finance & Admin,18,6.9
1041,9,5/1/2024,Production,149,56.9
1042,9,5/1/2024,Quality & Engineering,44,16.8
1043,9,5/1/2024,Logistics,31,11.8
1044,9,5/1/2024,Sales,21,8
1045,9,5/1/2024,Finance & Admin,17,6.5
1046,9,6/1/2024,Production,161,60.5
1047,9,6/1/2024,Quality & Engineering,41,15.4
1048,9,6/1/2024,Logistics,34,12.8
1049,9,6/1/2024,Sales,21,7.9
1050,9,6/1/2024,Finance & Admin,19,7.1
1051,9,7/1/2024,Production,145,54.7
1052,9,7/1/2024,Quality & Engineering,41,15.5
1053,9,7/1/2024,Logistics,32,12.1
1054,9,7/1/2024,Sales,21,7.9
1055,9,7/1/2024,Finance & Admin,19,7.2
1056,9,8/1/2024,Production,164,62.1
1057,9,8/1/2024,Quality & Engineering,39,14.8
1058,9,8/1/2024,Logistics,31,11.7
1059,9,8/1/2024,Sales,21,8
1060,9,8/1/2024,Finance & Admin,19,7.2
1061,9,9/1/2024,Production,157,59.7
1062,9,9/1/2024,Quality & Engineering,41,15.6
1063,9,9/1/2024,Logistics,33,12.5
1064,9,9/1/2024,Sales,22,8.4
1065,9,9/1/2024,Finance & Admin,18,6.8
1066,9,10/1/2024,Production,150,56.6
1067,9,10/1/2024,Quality & Engineering,41,15.5
1068,9,10/1/2024,Logistics,33,12.5
1069,9,10/1/2024,Sales,23,8.7
1070,9,10/1/2024,Finance & Admin,20,7.5
1071,9,11/1/2024,Production,158,59.4
1072,9,11/1/2024,Quality & Engineering,41,15.4
1073,9,11/1/2024,Logistics,32,12
1074,9,11/1/2024,Sales,22,8.3
1075,9,11/1/2024,Finance & Admin,18,6.8
1076,9,12/1/2024,Production,167,62.5
1077,9,12/1/2024,Quality & Engineering,40,15
1078,9,12/1/2024,Logistics,30,11.2
1079,9,12/1/2024,Sales,22,8.2
1080,9,12/1/2024,Finance & Admin,19,7.1
1081,10,1/1/2023,Engineering,24,36.9
1082,10,1/1/2023,Curriculum & Content,14,21.5
1083,10,1/1/2023,Sales & Marketing,13,20
1084,10,1/1/2023,Customer Success,8,12.3
1085,10,1/1/2023,Finance & Admin,5,7.7
1086,10,2/1/2023,Engineering,25,37.9
1087,10,2/1/2023,Curriculum & Content,16,24.2
1088,10,2/1/2023,Sales & Marketing,14,21.2
1089,10,2/1/2023,Customer Success,8,12.1
1090,10,2/1/2023,Finance & Admin,5,7.6
1091,10,3/1/2023,Engineering,24,36.4
1092,10,3/1/2023,Curriculum & Content,15,22.7
1093,10,3/1/2023,Sales & Marketing,13,19.7
1094,10,3/1/2023,Customer Success,9,13.6
1095,10,3/1/2023,Finance & Admin,4,6.1
1096,10,4/1/2023,Engineering,27,38.6
1097,10,4/1/2023,Curriculum & Content,15,21.4
1098,10,4/1/2023,Sales & Marketing,14,20
1099,10,4/1/2023,Customer Success,9,12.9
1100,10,4/1/2023,Finance & Admin,4,5.7
1101,10,5/1/2023,Engineering,28,39.4
1102,10,5/1/2023,Curriculum & Content,15,21.1
1103,10,5/1/2023,Sales & Marketing,14,19.7
1104,10,5/1/2023,Customer Success,10,14.1
1105,10,5/1/2023,Finance & Admin,5,7
1106,10,6/1/2023,Engineering,29,38.2
1107,10,6/1/2023,Curriculum & Content,17,22.4
1108,10,6/1/2023,Sales & Marketing,16,21.1
1109,10,6/1/2023,Customer Success,9,11.8
1110,10,6/1/2023,Finance & Admin,5,6.6
1111,10,7/1/2023,Engineering,31,38.8
1112,10,7/1/2023,Curriculum & Content,18,22.5
1113,10,7/1/2023,Sales & Marketing,17,21.2
1114,10,7/1/2023,Customer Success,10,12.5
1115,10,7/1/2023,Finance & Admin,6,7.5
1116,10,8/1/2023,Engineering,32,38.6
1117,10,8/1/2023,Curriculum & Content,18,21.7
1118,10,8/1/2023,Sales & Marketing,16,19.3
1119,10,8/1/2023,Customer Success,10,12
1120,10,8/1/2023,Finance & Admin,6,7.2
1121,10,9/1/2023,Engineering,34,40
1122,10,9/1/2023,Curriculum & Content,19,22.4
1123,10,9/1/2023,Sales & Marketing,16,18.8
1124,10,9/1/2023,Customer Success,10,11.8
1125,10,9/1/2023,Finance & Admin,6,7.1
1126,10,10/1/2023,Engineering,33,37.1
1127,10,10/1/2023,Curriculum & Content,21,23.6
1128,10,10/1/2023,Sales & Marketing,18,20.2
1129,10,10/1/2023,Customer Success,12,13.5
1130,10,10/1/2023,Finance & Admin,6,6.7
1131,10,11/1/2023,Engineering,34,37.4
1132,10,11/1/2023,Curriculum & Content,19,20.9
1133,10,11/1/2023,Sales & Marketing,20,22
1134,10,11/1/2023,Customer Success,12,13.2
1135,10,11/1/2023,Finance & Admin,7,7.7
1136,10,12/1/2023,Engineering,39,40.6
1137,10,12/1/2023,Curriculum & Content,22,22.9
1138,10,12/1/2023,Sales & Marketing,20,20.8
1139,10,12/1/2023,Customer Success,13,13.5
1140,10,12/1/2023,Finance & Admin,7,7.3
1141,10,1/1/2024,Engineering,36,36.7
1142,10,1/1/2024,Curriculum & Content,21,21.4
1143,10,1/1/2024,Sales & Marketing,20,20.4
1144,10,1/1/2024,Customer Success,13,13.3
1145,10,1/1/2024,Finance & Admin,7,7.1
1146,10,2/1/2024,Engineering,37,36.3
1147,10,2/1/2024,Curriculum & Content,24,23.5
1148,10,2/1/2024,Sales & Marketing,22,21.6
1149,10,2/1/2024,Customer Success,13,12.7
1150,10,2/1/2024,Finance & Admin,7,6.9
1151,10,3/1/2024,Engineering,38,36.9
1152,10,3/1/2024,Curriculum & Content,23,22.3
1153,10,3/1/2024,Sales & Marketing,21,20.4
1154,10,3/1/2024,Customer Success,13,12.6
1155,10,3/1/2024,Finance & Admin,7,6.8
1156,10,4/1/2024,Engineering,40,37.4
1157,10,4/1/2024,Curriculum & Content,25,23.4
1158,10,4/1/2024,Sales & Marketing,23,21.5
1159,10,4/1/2024,Customer Success,13,12.1
1160,10,4/1/2024,Finance & Admin,8,7.5
1161,10,5/1/2024,Engineering,41,36.6
1162,10,5/1/2024,Curriculum & Content,25,22.3
1163,10,5/1/2024,Sales & Marketing,22,19.6
1164,10,5/1/2024,Customer Success,16,14.3
1165,10,5/1/2024,Finance & Admin,8,7.1
1166,10,6/1/2024,Engineering,41,35.7
1167,10,6/1/2024,Curriculum & Content,25,21.7
1168,10,6/1/2024,Sales & Marketing,23,20
1169,10,6/1/2024,Customer Success,14,12.2
1170,10,6/1/2024,Finance & Admin,9,7.8
1171,10,7/1/2024,Engineering,44,38.3
1172,10,7/1/2024,Curriculum & Content,25,21.7
1173,10,7/1/2024,Sales & Marketing,23,20
1174,10,7/1/2024,Customer Success,15,13
1175,10,7/1/2024,Finance & Admin,8,7
1176,10,8/1/2024,Engineering,44,38.3
1177,10,8/1/2024,Curriculum & Content,24,20.9
1178,10,8/1/2024,Sales & Marketing,24,20.9
1179,10,8/1/2024,Customer Success,14,12.2
1180,10,8/1/2024,Finance & Admin,8,7
1181,10,9/1/2024,Engineering,44,38.3
1182,10,9/1/2024,Curriculum & Content,25,21.7
1183,10,9/1/2024,Sales & Marketing,24,20.9
1184,10,9/1/2024,Customer Success,16,13.9
1185,10,9/1/2024,Finance & Admin,8,7
1186,10,10/1/2024,Engineering,45,37.5
1187,10,10/1/2024,Curriculum & Content,25,20.8
1188,10,10/1/2024,Sales & Marketing,24,20
1189,10,10/1/2024,Customer Success,15,12.5
1190,10,10/1/2024,Finance & Admin,9,7.5
1191,10,11/1/2024,Engineering,47,38.2
1192,10,11/1/2024,Curriculum & Content,29,23.6
1193,10,11/1/2024,Sales & Marketing,24,19.5
1194,10,11/1/2024,Customer Success,16,13
1195,10,11/1/2024,Finance & Admin,9,7.3
1196,10,12/1/2024,Engineering,47,36.7
1197,10,12/1/2024,Curriculum & Content,30,23.4
1198,10,12/1/2024,Sales & Marketing,26,20.3
1199,10,12/1/2024,Customer Success,16,12.5
1200,10,12/1/2024,Finance & Admin,9,7
1201,11,1/1/2023,Underwriting & Risk,32,29.4
1202,11,1/1/2023,Claims,30,27.5
1203,11,1/1/2023,Sales & Distribution,21,19.3
1204,11,1/1/2023,Operations & Compliance,17,15.6
1205,11,1/1/2023,Finance & Admin,7,6.4
1206,11,2/1/2023,Underwriting & Risk,34,31.5
1207,11,2/1/2023,Claims,30,27.8
1208,11,2/1/2023,Sales & Distribution,23,21.3
1209,11,2/1/2023,Operations & Compliance,16,14.8
1210,11,2/1/2023,Finance & Admin,7,6.5
1211,11,3/1/2023,Underwriting & Risk,35,32.1
1212,11,3/1/2023,Claims,31,28.4
1213,11,3/1/2023,Sales & Distribution,23,21.1
1214,11,3/1/2023,Operations & Compliance,15,13.8
1215,11,3/1/2023,Finance & Admin,7,6.4
1216,11,4/1/2023,Underwriting & Risk,36,31.9
1217,11,4/1/2023,Claims,31,27.4
1218,11,4/1/2023,Sales & Distribution,23,20.4
1219,11,4/1/2023,Operations & Compliance,16,14.2
1220,11,4/1/2023,Finance & Admin,8,7.1
1221,11,5/1/2023,Underwriting & Risk,35,29.9
1222,11,5/1/2023,Claims,33,28.2
1223,11,5/1/2023,Sales & Distribution,23,19.7
1224,11,5/1/2023,Operations & Compliance,17,14.5
1225,11,5/1/2023,Finance & Admin,8,6.8
1226,11,6/1/2023,Underwriting & Risk,37,31.6
1227,11,6/1/2023,Claims,33,28.2
1228,11,6/1/2023,Sales & Distribution,23,19.7
1229,11,6/1/2023,Operations & Compliance,18,15.4
1230,11,6/1/2023,Finance & Admin,8,6.8
1231,11,7/1/2023,Underwriting & Risk,34,28.1
1232,11,7/1/2023,Claims,32,26.4
1233,11,7/1/2023,Sales & Distribution,25,20.7
1234,11,7/1/2023,Operations & Compliance,19,15.7
1235,11,7/1/2023,Finance & Admin,9,7.4
1236,11,8/1/2023,Underwriting & Risk,38,31.1
1237,11,8/1/2023,Claims,35,28.7
1238,11,8/1/2023,Sales & Distribution,23,18.9
1239,11,8/1/2023,Operations & Compliance,19,15.6
1240,11,8/1/2023,Finance & Admin,9,7.4
1241,11,9/1/2023,Underwriting & Risk,37,30.3
1242,11,9/1/2023,Claims,36,29.5
1243,11,9/1/2023,Sales & Distribution,23,18.9
1244,11,9/1/2023,Operations & Compliance,19,15.6
1245,11,9/1/2023,Finance & Admin,8,6.6
1246,11,10/1/2023,Underwriting & Risk,39,32
1247,11,10/1/2023,Claims,35,28.7
1248,11,10/1/2023,Sales & Distribution,24,19.7
1249,11,10/1/2023,Operations & Compliance,19,15.6
1250,11,10/1/2023,Finance & Admin,9,7.4
1251,11,11/1/2023,Underwriting & Risk,36,28.6
1252,11,11/1/2023,Claims,34,27
1253,11,11/1/2023,Sales & Distribution,26,20.6
1254,11,11/1/2023,Operations & Compliance,20,15.9
1255,11,11/1/2023,Finance & Admin,9,7.1
1256,11,12/1/2023,Underwriting & Risk,39,30.2
1257,11,12/1/2023,Claims,35,27.1
1258,11,12/1/2023,Sales & Distribution,25,19.4
1259,11,12/1/2023,Operations & Compliance,18,14
1260,11,12/1/2023,Finance & Admin,9,7
1261,11,1/1/2024,Underwriting & Risk,41,30.8
1262,11,1/1/2024,Claims,39,29.3
1263,11,1/1/2024,Sales & Distribution,29,21.8
1264,11,1/1/2024,Operations & Compliance,20,15
1265,11,1/1/2024,Finance & Admin,9,6.8
1266,11,2/1/2024,Underwriting & Risk,43,31.6
1267,11,2/1/2024,Claims,38,27.9
1268,11,2/1/2024,Sales & Distribution,27,19.9
1269,11,2/1/2024,Operations & Compliance,20,14.7
1270,11,2/1/2024,Finance & Admin,9,6.6
1271,11,3/1/2024,Underwriting & Risk,42,30.4
1272,11,3/1/2024,Claims,40,29
1273,11,3/1/2024,Sales & Distribution,29,21
1274,11,3/1/2024,Operations & Compliance,21,15.2
1275,11,3/1/2024,Finance & Admin,10,7.2
1276,11,4/1/2024,Underwriting & Risk,46,33.3
1277,11,4/1/2024,Claims,39,28.3
1278,11,4/1/2024,Sales & Distribution,27,19.6
1279,11,4/1/2024,Operations & Compliance,19,13.8
1280,11,4/1/2024,Finance & Admin,10,7.2
1281,11,5/1/2024,Underwriting & Risk,41,29.3
1282,11,5/1/2024,Claims,39,27.9
1283,11,5/1/2024,Sales & Distribution,29,20.7
1284,11,5/1/2024,Operations & Compliance,23,16.4
1285,11,5/1/2024,Finance & Admin,9,6.4
1286,11,6/1/2024,Underwriting & Risk,39,28.1
1287,11,6/1/2024,Claims,40,28.8
1288,11,6/1/2024,Sales & Distribution,27,19.4
1289,11,6/1/2024,Operations & Compliance,20,14.4
1290,11,6/1/2024,Finance & Admin,10,7.2
1291,11,7/1/2024,Underwriting & Risk,43,30.7
1292,11,7/1/2024,Claims,38,27.1
1293,11,7/1/2024,Sales & Distribution,27,19.3
1294,11,7/1/2024,Operations & Compliance,21,15
1295,11,7/1/2024,Finance & Admin,10,7.1
1296,11,8/1/2024,Underwriting & Risk,43,30.3
1297,11,8/1/2024,Claims,39,27.5
1298,11,8/1/2024,Sales & Distribution,28,19.7
1299,11,8/1/2024,Operations & Compliance,22,15.5
1300,11,8/1/2024,Finance & Admin,10,7
1301,11,9/1/2024,Underwriting & Risk,43,30.1
1302,11,9/1/2024,Claims,41,28.7
1303,11,9/1/2024,Sales & Distribution,26,18.2
1304,11,9/1/2024,Operations & Compliance,24,16.8
1305,11,9/1/2024,Finance & Admin,10,7
1306,11,10/1/2024,Underwriting & Risk,43,29.9
1307,11,10/1/2024,Claims,42,29.2
1308,11,10/1/2024,Sales & Distribution,29,20.1
1309,11,10/1/2024,Operations & Compliance,21,14.6
1310,11,10/1/2024,Finance & Admin,10,6.9
1311,11,11/1/2024,Underwriting & Risk,45,30.8
1312,11,11/1/2024,Claims,44,30.1
1313,11,11/1/2024,Sales & Distribution,29,19.9
1314,11,11/1/2024,Operations & Compliance,22,15.1
1315,11,11/1/2024,Finance & Admin,10,6.8
1316,11,12/1/2024,Underwriting & Risk,45,30.4
1317,11,12/1/2024,Claims,43,29.1
1318,11,12/1/2024,Sales & Distribution,28,18.9
1319,11,12/1/2024,Operations & Compliance,23,15.5
1320,11,12/1/2024,Finance & Admin,10,6.8
1321,12,1/1/2023,Property Management,38,43.2
1322,12,1/1/2023,Leasing,20,22.7
1323,12,1/1/2023,Maintenance,15,17
1324,12,1/1/2023,Finance & Admin,8,9.1
1325,12,1/1/2023,Technology,7,8
1326,12,2/1/2023,Property Management,35,40.2
1327,12,2/1/2023,Leasing,18,20.7
1328,12,2/1/2023,Maintenance,15,17.2
1329,12,2/1/2023,Finance & Admin,10,11.5
1330,12,2/1/2023,Technology,6,6.9
1331,12,3/1/2023,Property Management,38,43.7
1332,12,3/1/2023,Leasing,19,21.8
1333,12,3/1/2023,Maintenance,16,18.4
1334,12,3/1/2023,Finance & Admin,9,10.3
1335,12,3/1/2023,Technology,7,8
1336,12,4/1/2023,Property Management,36,41.9
1337,12,4/1/2023,Leasing,19,22.1
1338,12,4/1/2023,Maintenance,16,18.6
1339,12,4/1/2023,Finance & Admin,9,10.5
1340,12,4/1/2023,Technology,7,8.1
1341,12,5/1/2023,Property Management,35,40.2
1342,12,5/1/2023,Leasing,18,20.7
1343,12,5/1/2023,Maintenance,15,17.2
1344,12,5/1/2023,Finance & Admin,9,10.3
1345,12,5/1/2023,Technology,7,8
1346,12,6/1/2023,Property Management,38,42.7
1347,12,6/1/2023,Leasing,19,21.3
1348,12,6/1/2023,Maintenance,16,18
1349,12,6/1/2023,Finance & Admin,9,10.1
1350,12,6/1/2023,Technology,8,9
1351,12,7/1/2023,Property Management,41,44.6
1352,12,7/1/2023,Leasing,21,22.8
1353,12,7/1/2023,Maintenance,17,18.5
1354,12,7/1/2023,Finance & Admin,9,9.8
1355,12,7/1/2023,Technology,8,8.7
1356,12,8/1/2023,Property Management,36,39.6
1357,12,8/1/2023,Leasing,21,23.1
1358,12,8/1/2023,Maintenance,16,17.6
1359,12,8/1/2023,Finance & Admin,9,9.9
1360,12,8/1/2023,Technology,7,7.7
1361,12,9/1/2023,Property Management,39,43.3
1362,12,9/1/2023,Leasing,20,22.2
1363,12,9/1/2023,Maintenance,16,17.8
1364,12,9/1/2023,Finance & Admin,9,10
1365,12,9/1/2023,Technology,7,7.8
1366,12,10/1/2023,Property Management,37,39.8
1367,12,10/1/2023,Leasing,21,22.6
1368,12,10/1/2023,Maintenance,18,19.4
1369,12,10/1/2023,Finance & Admin,10,10.8
1370,12,10/1/2023,Technology,7,7.5
1371,12,11/1/2023,Property Management,39,40.2
1372,12,11/1/2023,Leasing,22,22.7
1373,12,11/1/2023,Maintenance,19,19.6
1374,12,11/1/2023,Finance & Admin,10,10.3
1375,12,11/1/2023,Technology,8,8.2
1376,12,12/1/2023,Property Management,42,43.8
1377,12,12/1/2023,Leasing,21,21.9
1378,12,12/1/2023,Maintenance,18,18.8
1379,12,12/1/2023,Finance & Admin,10,10.4
1380,12,12/1/2023,Technology,8,8.3
1381,12,1/1/2024,Property Management,42,43.3
1382,12,1/1/2024,Leasing,21,21.6
1383,12,1/1/2024,Maintenance,18,18.6
1384,12,1/1/2024,Finance & Admin,9,9.3
1385,12,1/1/2024,Technology,8,8.2
1386,12,2/1/2024,Property Management,40,40.4
1387,12,2/1/2024,Leasing,21,21.2
1388,12,2/1/2024,Maintenance,17,17.2
1389,12,2/1/2024,Finance & Admin,11,11.1
1390,12,2/1/2024,Technology,8,8.1
1391,12,3/1/2024,Property Management,39,39.8
1392,12,3/1/2024,Leasing,22,22.4
1393,12,3/1/2024,Maintenance,18,18.4
1394,12,3/1/2024,Finance & Admin,10,10.2
1395,12,3/1/2024,Technology,8,8.2
1396,12,4/1/2024,Property Management,42,42.9
1397,12,4/1/2024,Leasing,20,20.4
1398,12,4/1/2024,Maintenance,17,17.3
1399,12,4/1/2024,Finance & Admin,9,9.2
1400,12,4/1/2024,Technology,8,8.2
1401,12,5/1/2024,Property Management,43,43.9
1402,12,5/1/2024,Leasing,22,22.4
1403,12,5/1/2024,Maintenance,18,18.4
1404,12,5/1/2024,Finance & Admin,10,10.2
1405,12,5/1/2024,Technology,8,8.2
1406,12,6/1/2024,Property Management,40,40.8
1407,12,6/1/2024,Leasing,23,23.5
1408,12,6/1/2024,Maintenance,18,18.4
1409,12,6/1/2024,Finance & Admin,10,10.2
1410,12,6/1/2024,Technology,7,7.1
1411,12,7/1/2024,Property Management,43,44.3
1412,12,7/1/2024,Leasing,21,21.6
1413,12,7/1/2024,Maintenance,18,18.6
1414,12,7/1/2024,Finance & Admin,10,10.3
1415,12,7/1/2024,Technology,8,8.2
1416,12,8/1/2024,Property Management,37,38.5
1417,12,8/1/2024,Leasing,22,22.9
1418,12,8/1/2024,Maintenance,19,19.8
1419,12,8/1/2024,Finance & Admin,10,10.4
1420,12,8/1/2024,Technology,8,8.3
1421,12,9/1/2024,Property Management,44,44.9
1422,12,9/1/2024,Leasing,21,21.4
1423,12,9/1/2024,Maintenance,18,18.4
1424,12,9/1/2024,Finance & Admin,10,10.2
1425,12,9/1/2024,Technology,8,8.2
1426,12,10/1/2024,Property Management,38,39.2
1427,12,10/1/2024,Leasing,22,22.7
1428,12,10/1/2024,Maintenance,19,19.6
1429,12,10/1/2024,Finance & Admin,9,9.3
1430,12,10/1/2024,Technology,8,8.2
1431,12,11/1/2024,Property Management,39,40.6
1432,12,11/1/2024,Leasing,21,21.9
1433,12,11/1/2024,Maintenance,18,18.8
1434,12,11/1/2024,Finance & Admin,9,9.4
1435,12,11/1/2024,Technology,7,7.3
1436,12,12/1/2024,Property Management,43,45.3
1437,12,12/1/2024,Leasing,20,21.1
1438,12,12/1/2024,Maintenance,17,17.9
1439,12,12/1/2024,Finance & Admin,10,10.5
1440,12,12/1/2024,Technology,8,8.4
1441,13,1/1/2023,Engineering & Security Research,20,40
1442,13,1/1/2023,Sales & Marketing,12,24
1443,13,1/1/2023,Customer Success,8,16
1444,13,1/1/2023,Product,6,12
1445,13,1/1/2023,Finance & Admin,3,6
1446,13,2/1/2023,Engineering & Security Research,21,38.9
1447,13,2/1/2023,Sales & Marketing,14,25.9
1448,13,2/1/2023,Customer Success,8,14.8
1449,13,2/1/2023,Product,6,11.1
1450,13,2/1/2023,Finance & Admin,4,7.4
1451,13,3/1/2023,Engineering & Security Research,24,40.7
1452,13,3/1/2023,Sales & Marketing,15,25.4
1453,13,3/1/2023,Customer Success,9,15.3
1454,13,3/1/2023,Product,7,11.9
1455,13,3/1/2023,Finance & Admin,4,6.8
1456,13,4/1/2023,Engineering & Security Research,26,44.1
1457,13,4/1/2023,Sales & Marketing,15,25.4
1458,13,4/1/2023,Customer Success,9,15.3
1459,13,4/1/2023,Product,6,10.2
1460,13,4/1/2023,Finance & Admin,4,6.8
1461,13,5/1/2023,Engineering & Security Research,27,45
1462,13,5/1/2023,Sales & Marketing,15,25
1463,13,5/1/2023,Customer Success,9,15
1464,13,5/1/2023,Product,6,10
1465,13,5/1/2023,Finance & Admin,4,6.7
1466,13,6/1/2023,Engineering & Security Research,28,44.4
1467,13,6/1/2023,Sales & Marketing,15,23.8
1468,13,6/1/2023,Customer Success,10,15.9
1469,13,6/1/2023,Product,7,11.1
1470,13,6/1/2023,Finance & Admin,4,6.3
1471,13,7/1/2023,Engineering & Security Research,29,42.6
1472,13,7/1/2023,Sales & Marketing,18,26.5
1473,13,7/1/2023,Customer Success,10,14.7
1474,13,7/1/2023,Product,7,10.3
1475,13,7/1/2023,Finance & Admin,5,7.4
1476,13,8/1/2023,Engineering & Security Research,28,40
1477,13,8/1/2023,Sales & Marketing,18,25.7
1478,13,8/1/2023,Customer Success,10,14.3
1479,13,8/1/2023,Product,8,11.4
1480,13,8/1/2023,Finance & Admin,5,7.1
1481,13,9/1/2023,Engineering & Security Research,31,41.3
1482,13,9/1/2023,Sales & Marketing,19,25.3
1483,13,9/1/2023,Customer Success,11,14.7
1484,13,9/1/2023,Product,8,10.7
1485,13,9/1/2023,Finance & Admin,5,6.7
1486,13,10/1/2023,Engineering & Security Research,37,46.2
1487,13,10/1/2023,Sales & Marketing,21,26.2
1488,13,10/1/2023,Customer Success,12,15
1489,13,10/1/2023,Product,9,11.2
1490,13,10/1/2023,Finance & Admin,5,6.2
1491,13,11/1/2023,Engineering & Security Research,33,40.2
1492,13,11/1/2023,Sales & Marketing,19,23.2
1493,13,11/1/2023,Customer Success,12,14.6
1494,13,11/1/2023,Product,9,11
1495,13,11/1/2023,Finance & Admin,6,7.3
1496,13,12/1/2023,Engineering & Security Research,34,41.5
1497,13,12/1/2023,Sales & Marketing,21,25.6
1498,13,12/1/2023,Customer Success,12,14.6
1499,13,12/1/2023,Product,9,11
1500,13,12/1/2023,Finance & Admin,6,7.3
1501,13,1/1/2024,Engineering & Security Research,37,44
1502,13,1/1/2024,Sales & Marketing,19,22.6
1503,13,1/1/2024,Customer Success,13,15.5
1504,13,1/1/2024,Product,9,10.7
1505,13,1/1/2024,Finance & Admin,6,7.1
1506,13,2/1/2024,Engineering & Security Research,37,43.5
1507,13,2/1/2024,Sales & Marketing,20,23.5
1508,13,2/1/2024,Customer Success,13,15.3
1509,13,2/1/2024,Product,9,10.6
1510,13,2/1/2024,Finance & Admin,6,7.1
1511,13,3/1/2024,Engineering & Security Research,36,41.4
1512,13,3/1/2024,Sales & Marketing,23,26.4
1513,13,3/1/2024,Customer Success,13,14.9
1514,13,3/1/2024,Product,10,11.5
1515,13,3/1/2024,Finance & Admin,6,6.9
1516,13,4/1/2024,Engineering & Security Research,39,43.8
1517,13,4/1/2024,Sales & Marketing,23,25.8
1518,13,4/1/2024,Customer Success,14,15.7
1519,13,4/1/2024,Product,9,10.1
1520,13,4/1/2024,Finance & Admin,6,6.7
1521,13,5/1/2024,Engineering & Security Research,38,40.9
1522,13,5/1/2024,Sales & Marketing,23,24.7
1523,13,5/1/2024,Customer Success,14,15.1
1524,13,5/1/2024,Product,9,9.7
1525,13,5/1/2024,Finance & Admin,7,7.5
1526,13,6/1/2024,Engineering & Security Research,41,42.3
1527,13,6/1/2024,Sales & Marketing,23,23.7
1528,13,6/1/2024,Customer Success,15,15.5
1529,13,6/1/2024,Product,10,10.3
1530,13,6/1/2024,Finance & Admin,7,7.2
1531,13,7/1/2024,Engineering & Security Research,41,41.8
1532,13,7/1/2024,Sales & Marketing,25,25.5
1533,13,7/1/2024,Customer Success,15,15.3
1534,13,7/1/2024,Product,11,11.2
1535,13,7/1/2024,Finance & Admin,7,7.1
1536,13,8/1/2024,Engineering & Security Research,40,40
1537,13,8/1/2024,Sales & Marketing,26,26
1538,13,8/1/2024,Customer Success,15,15
1539,13,8/1/2024,Product,11,11
1540,13,8/1/2024,Finance & Admin,7,7
1541,13,9/1/2024,Engineering & Security Research,42,40.8
1542,13,9/1/2024,Sales & Marketing,25,24.3
1543,13,9/1/2024,Customer Success,15,14.6
1544,13,9/1/2024,Product,11,10.7
1545,13,9/1/2024,Finance & Admin,7,6.8
1546,13,10/1/2024,Engineering & Security Research,45,42.5
1547,13,10/1/2024,Sales & Marketing,27,25.5
1548,13,10/1/2024,Customer Success,16,15.1
1549,13,10/1/2024,Product,12,11.3
1550,13,10/1/2024,Finance & Admin,8,7.5
1551,13,11/1/2024,Engineering & Security Research,43,40.6
1552,13,11/1/2024,Sales & Marketing,26,24.5
1553,13,11/1/2024,Customer Success,17,16
1554,13,11/1/2024,Product,12,11.3
1555,13,11/1/2024,Finance & Admin,8,7.5
1556,13,12/1/2024,Engineering & Security Research,43,40.6
1557,13,12/1/2024,Sales & Marketing,26,24.5
1558,13,12/1/2024,Customer Success,16,15.1
1559,13,12/1/2024,Product,12,11.3
1560,13,12/1/2024,Finance & Admin,8,7.5
1561,14,1/1/2023,Field / Technical,57,47.9
1562,14,1/1/2023,Science & Engineering,25,21
1563,14,1/1/2023,Project Management,16,13.4
1564,14,1/1/2023,Sales & BD,12,10.1
1565,14,1/1/2023,Finance & Admin,7,5.9
1566,14,2/1/2023,Field / Technical,61,51.3
1567,14,2/1/2023,Science & Engineering,25,21
1568,14,2/1/2023,Project Management,17,14.3
1569,14,2/1/2023,Sales & BD,12,10.1
1570,14,2/1/2023,Finance & Admin,7,5.9
1571,14,3/1/2023,Field / Technical,54,45.4
1572,14,3/1/2023,Science & Engineering,22,18.5
1573,14,3/1/2023,Project Management,16,13.4
1574,14,3/1/2023,Sales & BD,13,10.9
1575,14,3/1/2023,Finance & Admin,7,5.9
1576,14,4/1/2023,Field / Technical,56,47.5
1577,14,4/1/2023,Science & Engineering,24,20.3
1578,14,4/1/2023,Project Management,17,14.4
1579,14,4/1/2023,Sales & BD,12,10.2
1580,14,4/1/2023,Finance & Admin,7,5.9
1581,14,5/1/2023,Field / Technical,62,51.2
1582,14,5/1/2023,Science & Engineering,24,19.8
1583,14,5/1/2023,Project Management,16,13.2
1584,14,5/1/2023,Sales & BD,13,10.7
1585,14,5/1/2023,Finance & Admin,7,5.8
1586,14,6/1/2023,Field / Technical,62,50
1587,14,6/1/2023,Science & Engineering,26,21
1588,14,6/1/2023,Project Management,17,13.7
1589,14,6/1/2023,Sales & BD,12,9.7
1590,14,6/1/2023,Finance & Admin,8,6.5
1591,14,7/1/2023,Field / Technical,63,49.2
1592,14,7/1/2023,Science & Engineering,26,20.3
1593,14,7/1/2023,Project Management,17,13.3
1594,14,7/1/2023,Sales & BD,13,10.2
1595,14,7/1/2023,Finance & Admin,8,6.2
1596,14,8/1/2023,Field / Technical,65,50.4
1597,14,8/1/2023,Science & Engineering,23,17.8
1598,14,8/1/2023,Project Management,18,14
1599,14,8/1/2023,Sales & BD,13,10.1
1600,14,8/1/2023,Finance & Admin,8,6.2
1601,14,9/1/2023,Field / Technical,68,50.7
1602,14,9/1/2023,Science & Engineering,27,20.1
1603,14,9/1/2023,Project Management,18,13.4
1604,14,9/1/2023,Sales & BD,13,9.7
1605,14,9/1/2023,Finance & Admin,8,6
1606,14,10/1/2023,Field / Technical,69,50.7
1607,14,10/1/2023,Science & Engineering,25,18.4
1608,14,10/1/2023,Project Management,18,13.2
1609,14,10/1/2023,Sales & BD,15,11
1610,14,10/1/2023,Finance & Admin,8,5.9
1611,14,11/1/2023,Field / Technical,69,50.4
1612,14,11/1/2023,Science & Engineering,28,20.4
1613,14,11/1/2023,Project Management,20,14.6
1614,14,11/1/2023,Sales & BD,14,10.2
1615,14,11/1/2023,Finance & Admin,8,5.8
1616,14,12/1/2023,Field / Technical,68,47.9
1617,14,12/1/2023,Science & Engineering,29,20.4
1618,14,12/1/2023,Project Management,19,13.4
1619,14,12/1/2023,Sales & BD,13,9.2
1620,14,12/1/2023,Finance & Admin,10,7
1621,14,1/1/2024,Field / Technical,65,46.4
1622,14,1/1/2024,Science & Engineering,28,20
1623,14,1/1/2024,Project Management,20,14.3
1624,14,1/1/2024,Sales & BD,14,10
1625,14,1/1/2024,Finance & Admin,9,6.4
1626,14,2/1/2024,Field / Technical,74,51.4
1627,14,2/1/2024,Science & Engineering,28,19.4
1628,14,2/1/2024,Project Management,21,14.6
1629,14,2/1/2024,Sales & BD,13,9
1630,14,2/1/2024,Finance & Admin,8,5.6
1631,14,3/1/2024,Field / Technical,71,48.6
1632,14,3/1/2024,Science & Engineering,29,19.9
1633,14,3/1/2024,Project Management,20,13.7
1634,14,3/1/2024,Sales & BD,15,10.3
1635,14,3/1/2024,Finance & Admin,9,6.2
1636,14,4/1/2024,Field / Technical,79,54.1
1637,14,4/1/2024,Science & Engineering,28,19.2
1638,14,4/1/2024,Project Management,20,13.7
1639,14,4/1/2024,Sales & BD,14,9.6
1640,14,4/1/2024,Finance & Admin,8,5.5
1641,14,5/1/2024,Field / Technical,75,52.1
1642,14,5/1/2024,Science & Engineering,30,20.8
1643,14,5/1/2024,Project Management,21,14.6
1644,14,5/1/2024,Sales & BD,13,9
1645,14,5/1/2024,Finance & Admin,9,6.2
1646,14,6/1/2024,Field / Technical,73,50
1647,14,6/1/2024,Science & Engineering,32,21.9
1648,14,6/1/2024,Project Management,20,13.7
1649,14,6/1/2024,Sales & BD,14,9.6
1650,14,6/1/2024,Finance & Admin,9,6.2
1651,14,7/1/2024,Field / Technical,73,48.3
1652,14,7/1/2024,Science & Engineering,30,19.9
1653,14,7/1/2024,Project Management,20,13.2
1654,14,7/1/2024,Sales & BD,14,9.3
1655,14,7/1/2024,Finance & Admin,9,6
1656,14,8/1/2024,Field / Technical,79,53
1657,14,8/1/2024,Science & Engineering,29,19.5
1658,14,8/1/2024,Project Management,21,14.1
1659,14,8/1/2024,Sales & BD,15,10.1
1660,14,8/1/2024,Finance & Admin,9,6
1661,14,9/1/2024,Field / Technical,71,46.1
1662,14,9/1/2024,Science & Engineering,30,19.5
1663,14,9/1/2024,Project Management,22,14.3
1664,14,9/1/2024,Sales & BD,17,11
1665,14,9/1/2024,Finance & Admin,9,5.8
1666,14,10/1/2024,Field / Technical,81,52.6
1667,14,10/1/2024,Science & Engineering,29,18.8
1668,14,10/1/2024,Project Management,22,14.3
1669,14,10/1/2024,Sales & BD,15,9.7
1670,14,10/1/2024,Finance & Admin,10,6.5
1671,14,11/1/2024,Field / Technical,81,51.9
1672,14,11/1/2024,Science & Engineering,32,20.5
1673,14,11/1/2024,Project Management,22,14.1
1674,14,11/1/2024,Sales & BD,15,9.6
1675,14,11/1/2024,Finance & Admin,9,5.8
1676,14,12/1/2024,Field / Technical,77,48.7
1677,14,12/1/2024,Science & Engineering,31,19.6
1678,14,12/1/2024,Project Management,23,14.6
1679,14,12/1/2024,Sales & BD,15,9.5
1680,14,12/1/2024,Finance & Admin,9,5.7
1681,15,1/1/2023,Clinical / Caregivers,103,59.5
1682,15,1/1/2023,Operations,26,15
1683,15,1/1/2023,Admin & Billing,21,12.1
1684,15,1/1/2023,Sales & Marketing,14,8.1
1685,15,1/1/2023,Finance & HR,9,5.2
1686,15,2/1/2023,Clinical / Caregivers,110,62.1
1687,15,2/1/2023,Operations,26,14.7
1688,15,2/1/2023,Admin & Billing,19,10.7
1689,15,2/1/2023,Sales & Marketing,14,7.9
1690,15,2/1/2023,Finance & HR,9,5.1
1691,15,3/1/2023,Clinical / Caregivers,109,60.2
1692,15,3/1/2023,Operations,27,14.9
1693,15,3/1/2023,Admin & Billing,23,12.7
1694,15,3/1/2023,Sales & Marketing,14,7.7
1695,15,3/1/2023,Finance & HR,9,5
1696,15,4/1/2023,Clinical / Caregivers,98,53.3
1697,15,4/1/2023,Operations,28,15.2
1698,15,4/1/2023,Admin & Billing,21,11.4
1699,15,4/1/2023,Sales & Marketing,15,8.2
1700,15,4/1/2023,Finance & HR,10,5.4
1701,15,5/1/2023,Clinical / Caregivers,107,57.5
1702,15,5/1/2023,Operations,29,15.6
1703,15,5/1/2023,Admin & Billing,23,12.4
1704,15,5/1/2023,Sales & Marketing,15,8.1
1705,15,5/1/2023,Finance & HR,9,4.8
1706,15,6/1/2023,Clinical / Caregivers,112,60.9
1707,15,6/1/2023,Operations,31,16.8
1708,15,6/1/2023,Admin & Billing,22,12
1709,15,6/1/2023,Sales & Marketing,14,7.6
1710,15,6/1/2023,Finance & HR,8,4.3
1711,15,7/1/2023,Clinical / Caregivers,109,58
1712,15,7/1/2023,Operations,29,15.4
1713,15,7/1/2023,Admin & Billing,24,12.8
1714,15,7/1/2023,Sales & Marketing,15,8
1715,15,7/1/2023,Finance & HR,9,4.8
1716,15,8/1/2023,Clinical / Caregivers,116,61.1
1717,15,8/1/2023,Operations,30,15.8
1718,15,8/1/2023,Admin & Billing,24,12.6
1719,15,8/1/2023,Sales & Marketing,17,8.9
1720,15,8/1/2023,Finance & HR,10,5.3
1721,15,9/1/2023,Clinical / Caregivers,107,56.9
1722,15,9/1/2023,Operations,27,14.4
1723,15,9/1/2023,Admin & Billing,21,11.2
1724,15,9/1/2023,Sales & Marketing,15,8
1725,15,9/1/2023,Finance & HR,10,5.3
1726,15,10/1/2023,Clinical / Caregivers,116,60.4
1727,15,10/1/2023,Operations,29,15.1
1728,15,10/1/2023,Admin & Billing,24,12.5
1729,15,10/1/2023,Sales & Marketing,16,8.3
1730,15,10/1/2023,Finance & HR,10,5.2
1731,15,11/1/2023,Clinical / Caregivers,111,57.2
1732,15,11/1/2023,Operations,28,14.4
1733,15,11/1/2023,Admin & Billing,21,10.8
1734,15,11/1/2023,Sales & Marketing,16,8.2
1735,15,11/1/2023,Finance & HR,10,5.2
1736,15,12/1/2023,Clinical / Caregivers,123,62.8
1737,15,12/1/2023,Operations,31,15.8
1738,15,12/1/2023,Admin & Billing,23,11.7
1739,15,12/1/2023,Sales & Marketing,16,8.2
1740,15,12/1/2023,Finance & HR,9,4.6
1741,15,1/1/2024,Clinical / Caregivers,127,64.8
1742,15,1/1/2024,Operations,31,15.8
1743,15,1/1/2024,Admin & Billing,24,12.2
1744,15,1/1/2024,Sales & Marketing,17,8.7
1745,15,1/1/2024,Finance & HR,10,5.1
1746,15,2/1/2024,Clinical / Caregivers,122,62.2
1747,15,2/1/2024,Operations,30,15.3
1748,15,2/1/2024,Admin & Billing,25,12.8
1749,15,2/1/2024,Sales & Marketing,16,8.2
1750,15,2/1/2024,Finance & HR,9,4.6
1751,15,3/1/2024,Clinical / Caregivers,120,60.9
1752,15,3/1/2024,Operations,25,12.7
1753,15,3/1/2024,Admin & Billing,25,12.7
1754,15,3/1/2024,Sales & Marketing,16,8.1
1755,15,3/1/2024,Finance & HR,10,5.1
1756,15,4/1/2024,Clinical / Caregivers,124,63.6
1757,15,4/1/2024,Operations,31,15.9
1758,15,4/1/2024,Admin & Billing,23,11.8
1759,15,4/1/2024,Sales & Marketing,15,7.7
1760,15,4/1/2024,Finance & HR,10,5.1
1761,15,5/1/2024,Clinical / Caregivers,109,56.5
1762,15,5/1/2024,Operations,28,14.5
1763,15,5/1/2024,Admin & Billing,22,11.4
1764,15,5/1/2024,Sales & Marketing,15,7.8
1765,15,5/1/2024,Finance & HR,10,5.2
1766,15,6/1/2024,Clinical / Caregivers,108,56.5
1767,15,6/1/2024,Operations,27,14.1
1768,15,6/1/2024,Admin & Billing,23,12
1769,15,6/1/2024,Sales & Marketing,14,7.3
1770,15,6/1/2024,Finance & HR,9,4.7
1771,15,7/1/2024,Clinical / Caregivers,121,62.7
1772,15,7/1/2024,Operations,28,14.5
1773,15,7/1/2024,Admin & Billing,22,11.4
1774,15,7/1/2024,Sales & Marketing,15,7.8
1775,15,7/1/2024,Finance & HR,9,4.7
1776,15,8/1/2024,Clinical / Caregivers,110,56.1
1777,15,8/1/2024,Operations,28,14.3
1778,15,8/1/2024,Admin & Billing,24,12.2
1779,15,8/1/2024,Sales & Marketing,16,8.2
1780,15,8/1/2024,Finance & HR,9,4.6
1781,15,9/1/2024,Clinical / Caregivers,118,59
1782,15,9/1/2024,Operations,30,15
1783,15,9/1/2024,Admin & Billing,24,12
1784,15,9/1/2024,Sales & Marketing,16,8
1785,15,9/1/2024,Finance & HR,10,5
1786,15,10/1/2024,Clinical / Caregivers,116,56.9
1787,15,10/1/2024,Operations,32,15.7
1788,15,10/1/2024,Admin & Billing,24,11.8
1789,15,10/1/2024,Sales & Marketing,17,8.3
1790,15,10/1/2024,Finance & HR,11,5.4
1791,15,11/1/2024,Clinical / Caregivers,128,61.5
1792,15,11/1/2024,Operations,32,15.4
1793,15,11/1/2024,Admin & Billing,25,12
1794,15,11/1/2024,Sales & Marketing,17,8.2
1795,15,11/1/2024,Finance & HR,11,5.3
1796,15,12/1/2024,Clinical / Caregivers,121,57.9
1797,15,12/1/2024,Operations,29,13.9
1798,15,12/1/2024,Admin & Billing,24,11.5
1799,15,12/1/2024,Sales & Marketing,16,7.7
1800,15,12/1/2024,Finance & HR,10,4.8
1801,16,1/1/2023,Warehouse & Drivers,54,54
1802,16,1/1/2023,Operations,19,19
1803,16,1/1/2023,Technology,9,9
1804,16,1/1/2023,Sales,9,9
1805,16,1/1/2023,Finance & Admin,8,8
1806,16,2/1/2023,Warehouse & Drivers,54,52.9
1807,16,2/1/2023,Operations,18,17.6
1808,16,2/1/2023,Technology,10,9.8
1809,16,2/1/2023,Sales,9,8.8
1810,16,2/1/2023,Finance & Admin,8,7.8
1811,16,3/1/2023,Warehouse & Drivers,59,55.1
1812,16,3/1/2023,Operations,19,17.8
1813,16,3/1/2023,Technology,11,10.3
1814,16,3/1/2023,Sales,9,8.4
1815,16,3/1/2023,Finance & Admin,8,7.5
1816,16,4/1/2023,Warehouse & Drivers,57,52.8
1817,16,4/1/2023,Operations,18,16.7
1818,16,4/1/2023,Technology,11,10.2
1819,16,4/1/2023,Sales,10,9.3
1820,16,4/1/2023,Finance & Admin,9,8.3
1821,16,5/1/2023,Warehouse & Drivers,63,56.2
1822,16,5/1/2023,Operations,20,17.9
1823,16,5/1/2023,Technology,10,8.9
1824,16,5/1/2023,Sales,10,8.9
1825,16,5/1/2023,Finance & Admin,9,8
1826,16,6/1/2023,Warehouse & Drivers,62,55.9
1827,16,6/1/2023,Operations,20,18
1828,16,6/1/2023,Technology,12,10.8
1829,16,6/1/2023,Sales,10,9
1830,16,6/1/2023,Finance & Admin,9,8.1
1831,16,7/1/2023,Warehouse & Drivers,64,57.7
1832,16,7/1/2023,Operations,19,17.1
1833,16,7/1/2023,Technology,11,9.9
1834,16,7/1/2023,Sales,10,9
1835,16,7/1/2023,Finance & Admin,9,8.1
1836,16,8/1/2023,Warehouse & Drivers,65,56
1837,16,8/1/2023,Operations,20,17.2
1838,16,8/1/2023,Technology,13,11.2
1839,16,8/1/2023,Sales,11,9.5
1840,16,8/1/2023,Finance & Admin,9,7.8
1841,16,9/1/2023,Warehouse & Drivers,66,56.9
1842,16,9/1/2023,Operations,21,18.1
1843,16,9/1/2023,Technology,12,10.3
1844,16,9/1/2023,Sales,10,8.6
1845,16,9/1/2023,Finance & Admin,9,7.8
1846,16,10/1/2023,Warehouse & Drivers,67,56.8
1847,16,10/1/2023,Operations,23,19.5
1848,16,10/1/2023,Technology,11,9.3
1849,16,10/1/2023,Sales,11,9.3
1850,16,10/1/2023,Finance & Admin,10,8.5
1851,16,11/1/2023,Warehouse & Drivers,67,57.3
1852,16,11/1/2023,Operations,20,17.1
1853,16,11/1/2023,Technology,12,10.3
1854,16,11/1/2023,Sales,11,9.4
1855,16,11/1/2023,Finance & Admin,9,7.7
1856,16,12/1/2023,Warehouse & Drivers,68,59.1
1857,16,12/1/2023,Operations,20,17.4
1858,16,12/1/2023,Technology,11,9.6
1859,16,12/1/2023,Sales,11,9.6
1860,16,12/1/2023,Finance & Admin,9,7.8
1861,16,1/1/2024,Warehouse & Drivers,63,54.8
1862,16,1/1/2024,Operations,21,18.3
1863,16,1/1/2024,Technology,11,9.6
1864,16,1/1/2024,Sales,10,8.7
1865,16,1/1/2024,Finance & Admin,9,7.8
1866,16,2/1/2024,Warehouse & Drivers,68,58.6
1867,16,2/1/2024,Operations,20,17.2
1868,16,2/1/2024,Technology,12,10.3
1869,16,2/1/2024,Sales,10,8.6
1870,16,2/1/2024,Finance & Admin,9,7.8
1871,16,3/1/2024,Warehouse & Drivers,71,59.2
1872,16,3/1/2024,Operations,24,20
1873,16,3/1/2024,Technology,12,10
1874,16,3/1/2024,Sales,11,9.2
1875,16,3/1/2024,Finance & Admin,10,8.3
1876,16,4/1/2024,Warehouse & Drivers,67,53.6
1877,16,4/1/2024,Operations,21,16.8
1878,16,4/1/2024,Technology,12,9.6
1879,16,4/1/2024,Sales,11,8.8
1880,16,4/1/2024,Finance & Admin,11,8.8
1881,16,5/1/2024,Warehouse & Drivers,66,52.4
1882,16,5/1/2024,Operations,24,19
1883,16,5/1/2024,Technology,12,9.5
1884,16,5/1/2024,Sales,12,9.5
1885,16,5/1/2024,Finance & Admin,11,8.7
1886,16,6/1/2024,Warehouse & Drivers,72,57.6
1887,16,6/1/2024,Operations,23,18.4
1888,16,6/1/2024,Technology,12,9.6
1889,16,6/1/2024,Sales,10,8
1890,16,6/1/2024,Finance & Admin,10,8
1891,16,7/1/2024,Warehouse & Drivers,69,56.1
1892,16,7/1/2024,Operations,23,18.7
1893,16,7/1/2024,Technology,13,10.6
1894,16,7/1/2024,Sales,11,8.9
1895,16,7/1/2024,Finance & Admin,10,8.1
1896,16,8/1/2024,Warehouse & Drivers,68,54
1897,16,8/1/2024,Operations,23,18.3
1898,16,8/1/2024,Technology,13,10.3
1899,16,8/1/2024,Sales,11,8.7
1900,16,8/1/2024,Finance & Admin,10,7.9
1901,16,9/1/2024,Warehouse & Drivers,68,53.1
1902,16,9/1/2024,Operations,23,18
1903,16,9/1/2024,Technology,14,10.9
1904,16,9/1/2024,Sales,11,8.6
1905,16,9/1/2024,Finance & Admin,10,7.8
1906,16,10/1/2024,Warehouse & Drivers,73,57.9
1907,16,10/1/2024,Operations,23,18.3
1908,16,10/1/2024,Technology,12,9.5
1909,16,10/1/2024,Sales,11,8.7
1910,16,10/1/2024,Finance & Admin,10,7.9
1911,16,11/1/2024,Warehouse & Drivers,63,50.4
1912,16,11/1/2024,Operations,22,17.6
1913,16,11/1/2024,Technology,13,10.4
1914,16,11/1/2024,Sales,11,8.8
1915,16,11/1/2024,Finance & Admin,10,8
1916,16,12/1/2024,Warehouse & Drivers,67,53.2
1917,16,12/1/2024,Operations,24,19
1918,16,12/1/2024,Technology,12,9.5
1919,16,12/1/2024,Sales,12,9.5
1920,16,12/1/2024,Finance & Admin,10,7.9
1921,17,1/1/2023,Production & QA,81,50.3
1922,17,1/1/2023,Supply Chain,31,19.3
1923,17,1/1/2023,Sales & Distribution,24,14.9
1924,17,1/1/2023,Marketing,15,9.3
1925,17,1/1/2023,Finance & Admin,12,7.5
1926,17,2/1/2023,Production & QA,91,56.2
1927,17,2/1/2023,Supply Chain,29,17.9
1928,17,2/1/2023,Sales & Distribution,23,14.2
1929,17,2/1/2023,Marketing,15,9.3
1930,17,2/1/2023,Finance & Admin,11,6.8
1931,17,3/1/2023,Production & QA,85,51.5
1932,17,3/1/2023,Supply Chain,32,19.4
1933,17,3/1/2023,Sales & Distribution,22,13.3
1934,17,3/1/2023,Marketing,15,9.1
1935,17,3/1/2023,Finance & Admin,11,6.7
1936,17,4/1/2023,Production & QA,83,49.7
1937,17,4/1/2023,Supply Chain,29,17.4
1938,17,4/1/2023,Sales & Distribution,24,14.4
1939,17,4/1/2023,Marketing,15,9
1940,17,4/1/2023,Finance & Admin,11,6.6
1941,17,5/1/2023,Production & QA,87,51.5
1942,17,5/1/2023,Supply Chain,31,18.3
1943,17,5/1/2023,Sales & Distribution,25,14.8
1944,17,5/1/2023,Marketing,15,8.9
1945,17,5/1/2023,Finance & Admin,11,6.5
1946,17,6/1/2023,Production & QA,92,54.1
1947,17,6/1/2023,Supply Chain,30,17.6
1948,17,6/1/2023,Sales & Distribution,25,14.7
1949,17,6/1/2023,Marketing,15,8.8
1950,17,6/1/2023,Finance & Admin,11,6.5
1951,17,7/1/2023,Production & QA,88,50.6
1952,17,7/1/2023,Supply Chain,33,19
1953,17,7/1/2023,Sales & Distribution,26,14.9
1954,17,7/1/2023,Marketing,16,9.2
1955,17,7/1/2023,Finance & Admin,12,6.9
1956,17,8/1/2023,Production & QA,92,53.2
1957,17,8/1/2023,Supply Chain,32,18.5
1958,17,8/1/2023,Sales & Distribution,24,13.9
1959,17,8/1/2023,Marketing,16,9.2
1960,17,8/1/2023,Finance & Admin,12,6.9
1961,17,9/1/2023,Production & QA,95,53.4
1962,17,9/1/2023,Supply Chain,32,18
1963,17,9/1/2023,Sales & Distribution,26,14.6
1964,17,9/1/2023,Marketing,16,9
1965,17,9/1/2023,Finance & Admin,12,6.7
1966,17,10/1/2023,Production & QA,103,56.6
1967,17,10/1/2023,Supply Chain,33,18.1
1968,17,10/1/2023,Sales & Distribution,26,14.3
1969,17,10/1/2023,Marketing,16,8.8
1970,17,10/1/2023,Finance & Admin,14,7.7
1971,17,11/1/2023,Production & QA,89,49.4
1972,17,11/1/2023,Supply Chain,33,18.3
1973,17,11/1/2023,Sales & Distribution,26,14.4
1974,17,11/1/2023,Marketing,15,8.3
1975,17,11/1/2023,Finance & Admin,12,6.7
1976,17,12/1/2023,Production & QA,95,51.9
1977,17,12/1/2023,Supply Chain,33,18
1978,17,12/1/2023,Sales & Distribution,25,13.7
1979,17,12/1/2023,Marketing,16,8.7
1980,17,12/1/2023,Finance & Admin,14,7.7
1981,17,1/1/2024,Production & QA,96,52.2
1982,17,1/1/2024,Supply Chain,33,17.9
1983,17,1/1/2024,Sales & Distribution,25,13.6
1984,17,1/1/2024,Marketing,15,8.2
1985,17,1/1/2024,Finance & Admin,13,7.1
1986,17,2/1/2024,Production & QA,97,53
1987,17,2/1/2024,Supply Chain,32,17.5
1988,17,2/1/2024,Sales & Distribution,25,13.7
1989,17,2/1/2024,Marketing,16,8.7
1990,17,2/1/2024,Finance & Admin,12,6.6
1991,17,3/1/2024,Production & QA,90,49.5
1992,17,3/1/2024,Supply Chain,34,18.7
1993,17,3/1/2024,Sales & Distribution,24,13.2
1994,17,3/1/2024,Marketing,16,8.8
1995,17,3/1/2024,Finance & Admin,12,6.6
1996,17,4/1/2024,Production & QA,86,48
1997,17,4/1/2024,Supply Chain,33,18.4
1998,17,4/1/2024,Sales & Distribution,26,14.5
1999,17,4/1/2024,Marketing,17,9.5
2000,17,4/1/2024,Finance & Admin,12,6.7
2001,17,5/1/2024,Production & QA,92,50.5
2002,17,5/1/2024,Supply Chain,33,18.1
2003,17,5/1/2024,Sales & Distribution,26,14.3
2004,17,5/1/2024,Marketing,17,9.3
2005,17,5/1/2024,Finance & Admin,13,7.1
2006,17,6/1/2024,Production & QA,90,48.9
2007,17,6/1/2024,Supply Chain,34,18.5
2008,17,6/1/2024,Sales & Distribution,27,14.7
2009,17,6/1/2024,Marketing,17,9.2
2010,17,6/1/2024,Finance & Admin,13,7.1
2011,17,7/1/2024,Production & QA,101,55.8
2012,17,7/1/2024,Supply Chain,35,19.3
2013,17,7/1/2024,Sales & Distribution,24,13.3
2014,17,7/1/2024,Marketing,18,9.9
2015,17,7/1/2024,Finance & Admin,13,7.2
2016,17,8/1/2024,Production & QA,94,51.1
2017,17,8/1/2024,Supply Chain,34,18.5
2018,17,8/1/2024,Sales & Distribution,25,13.6
2019,17,8/1/2024,Marketing,16,8.7
2020,17,8/1/2024,Finance & Admin,13,7.1
2021,17,9/1/2024,Production & QA,98,51.9
2022,17,9/1/2024,Supply Chain,36,19
2023,17,9/1/2024,Sales & Distribution,26,13.8
2024,17,9/1/2024,Marketing,18,9.5
2025,17,9/1/2024,Finance & Admin,14,7.4
2026,17,10/1/2024,Production & QA,92,48.2
2027,17,10/1/2024,Supply Chain,34,17.8
2028,17,10/1/2024,Sales & Distribution,24,12.6
2029,17,10/1/2024,Marketing,17,8.9
2030,17,10/1/2024,Finance & Admin,14,7.3
2031,17,11/1/2024,Production & QA,101,52.9
2032,17,11/1/2024,Supply Chain,35,18.3
2033,17,11/1/2024,Sales & Distribution,28,14.7
2034,17,11/1/2024,Marketing,17,8.9
2035,17,11/1/2024,Finance & Admin,14,7.3
2036,17,12/1/2024,Production & QA,98,50.5
2037,17,12/1/2024,Supply Chain,35,18
2038,17,12/1/2024,Sales & Distribution,27,13.9
2039,17,12/1/2024,Marketing,17,8.8
2040,17,12/1/2024,Finance & Admin,14,7.2
2041,18,1/1/2023,Clinical / Caregivers,59,59
2042,18,1/1/2023,Operations,15,15
2043,18,1/1/2023,Admin & Billing,13,13
2044,18,1/1/2023,Sales & Marketing,8,8
2045,18,1/1/2023,Finance & HR,5,5
2046,18,2/1/2023,Clinical / Caregivers,60,59.4
2047,18,2/1/2023,Operations,17,16.8
2048,18,2/1/2023,Admin & Billing,13,12.9
2049,18,2/1/2023,Sales & Marketing,8,7.9
2050,18,2/1/2023,Finance & HR,5,5
2051,18,3/1/2023,Clinical / Caregivers,59,57.3
2052,18,3/1/2023,Operations,16,15.5
2053,18,3/1/2023,Admin & Billing,12,11.7
2054,18,3/1/2023,Sales & Marketing,8,7.8
2055,18,3/1/2023,Finance & HR,5,4.9
2056,18,4/1/2023,Clinical / Caregivers,61,59.2
2057,18,4/1/2023,Operations,16,15.5
2058,18,4/1/2023,Admin & Billing,13,12.6
2059,18,4/1/2023,Sales & Marketing,9,8.7
2060,18,4/1/2023,Finance & HR,5,4.9
2061,18,5/1/2023,Clinical / Caregivers,61,59.2
2062,18,5/1/2023,Operations,16,15.5
2063,18,5/1/2023,Admin & Billing,13,12.6
2064,18,5/1/2023,Sales & Marketing,8,7.8
2065,18,5/1/2023,Finance & HR,6,5.8
2066,18,6/1/2023,Clinical / Caregivers,64,62.7
2067,18,6/1/2023,Operations,16,15.7
2068,18,6/1/2023,Admin & Billing,12,11.8
2069,18,6/1/2023,Sales & Marketing,8,7.8
2070,18,6/1/2023,Finance & HR,5,4.9
2071,18,7/1/2023,Clinical / Caregivers,58,57.4
2072,18,7/1/2023,Operations,15,14.9
2073,18,7/1/2023,Admin & Billing,12,11.9
2074,18,7/1/2023,Sales & Marketing,8,7.9
2075,18,7/1/2023,Finance & HR,5,5
2076,18,8/1/2023,Clinical / Caregivers,60,59.4
2077,18,8/1/2023,Operations,14,13.9
2078,18,8/1/2023,Admin & Billing,12,11.9
2079,18,8/1/2023,Sales & Marketing,8,7.9
2080,18,8/1/2023,Finance & HR,5,5
2081,18,9/1/2023,Clinical / Caregivers,59,58.4
2082,18,9/1/2023,Operations,16,15.8
2083,18,9/1/2023,Admin & Billing,12,11.9
2084,18,9/1/2023,Sales & Marketing,8,7.9
2085,18,9/1/2023,Finance & HR,5,5
2086,18,10/1/2023,Clinical / Caregivers,63,61.2
2087,18,10/1/2023,Operations,16,15.5
2088,18,10/1/2023,Admin & Billing,13,12.6
2089,18,10/1/2023,Sales & Marketing,7,6.8
2090,18,10/1/2023,Finance & HR,5,4.9
2091,18,11/1/2023,Clinical / Caregivers,64,59.8
2092,18,11/1/2023,Operations,17,15.9
2093,18,11/1/2023,Admin & Billing,13,12.1
2094,18,11/1/2023,Sales & Marketing,8,7.5
2095,18,11/1/2023,Finance & HR,5,4.7
2096,18,12/1/2023,Clinical / Caregivers,66,60
2097,18,12/1/2023,Operations,16,14.5
2098,18,12/1/2023,Admin & Billing,13,11.8
2099,18,12/1/2023,Sales & Marketing,9,8.2
2100,18,12/1/2023,Finance & HR,5,4.5
2101,18,1/1/2024,Clinical / Caregivers,64,58.2
2102,18,1/1/2024,Operations,17,15.5
2103,18,1/1/2024,Admin & Billing,14,12.7
2104,18,1/1/2024,Sales & Marketing,9,8.2
2105,18,1/1/2024,Finance & HR,5,4.5
2106,18,2/1/2024,Clinical / Caregivers,71,61.7
2107,18,2/1/2024,Operations,18,15.7
2108,18,2/1/2024,Admin & Billing,15,13
2109,18,2/1/2024,Sales & Marketing,10,8.7
2110,18,2/1/2024,Finance & HR,5,4.3
2111,18,3/1/2024,Clinical / Caregivers,66,56.4
2112,18,3/1/2024,Operations,17,14.5
2113,18,3/1/2024,Admin & Billing,15,12.8
2114,18,3/1/2024,Sales & Marketing,10,8.5
2115,18,3/1/2024,Finance & HR,5,4.3
2116,18,4/1/2024,Clinical / Caregivers,70,60.3
2117,18,4/1/2024,Operations,17,14.7
2118,18,4/1/2024,Admin & Billing,14,12.1
2119,18,4/1/2024,Sales & Marketing,9,7.8
2120,18,4/1/2024,Finance & HR,6,5.2
2121,18,5/1/2024,Clinical / Caregivers,68,58.6
2122,18,5/1/2024,Operations,18,15.5
2123,18,5/1/2024,Admin & Billing,14,12.1
2124,18,5/1/2024,Sales & Marketing,9,7.8
2125,18,5/1/2024,Finance & HR,6,5.2
2126,18,6/1/2024,Clinical / Caregivers,67,57.8
2127,18,6/1/2024,Operations,18,15.5
2128,18,6/1/2024,Admin & Billing,13,11.2
2129,18,6/1/2024,Sales & Marketing,10,8.6
2130,18,6/1/2024,Finance & HR,6,5.2
2131,18,7/1/2024,Clinical / Caregivers,70,58.3
2132,18,7/1/2024,Operations,18,15
2133,18,7/1/2024,Admin & Billing,13,10.8
2134,18,7/1/2024,Sales & Marketing,10,8.3
2135,18,7/1/2024,Finance & HR,6,5
2136,18,8/1/2024,Clinical / Caregivers,73,61.3
2137,18,8/1/2024,Operations,19,16
2138,18,8/1/2024,Admin & Billing,14,11.8
2139,18,8/1/2024,Sales & Marketing,10,8.4
2140,18,8/1/2024,Finance & HR,6,5
2141,18,9/1/2024,Clinical / Caregivers,72,60.5
2142,18,9/1/2024,Operations,19,16
2143,18,9/1/2024,Admin & Billing,14,11.8
2144,18,9/1/2024,Sales & Marketing,9,7.6
2145,18,9/1/2024,Finance & HR,6,5
2146,18,10/1/2024,Clinical / Caregivers,78,62.9
2147,18,10/1/2024,Operations,19,15.3
2148,18,10/1/2024,Admin & Billing,15,12.1
2149,18,10/1/2024,Sales & Marketing,10,8.1
2150,18,10/1/2024,Finance & HR,6,4.8
2151,18,11/1/2024,Clinical / Caregivers,72,58.1
2152,18,11/1/2024,Operations,18,14.5
2153,18,11/1/2024,Admin & Billing,15,12.1
2154,18,11/1/2024,Sales & Marketing,10,8.1
2155,18,11/1/2024,Finance & HR,6,4.8
2156,18,12/1/2024,Clinical / Caregivers,76,59.4
2157,18,12/1/2024,Operations,19,14.8
2158,18,12/1/2024,Admin & Billing,14,10.9
2159,18,12/1/2024,Sales & Marketing,11,8.6
2160,18,12/1/2024,Finance & HR,6,4.7
